,Tournament Name,Tournament Date,Tournament Country,Discipline,Number of Sets Played,Retired,Match Duration (min),Team One Nationalities,Team Two Nationalities,Player 1 Name,Player 1 Seed,Player 2 Name,Player 2 Seed,Points Set 1 Player 1,Points Set 1 Player 2,Points Set 2 Player 1,Points Set 2 Player 2,Points Set 3 Player 1,Points Set 3 Player 2,Total Points Player 1,Total Points Player 2,Sets Won Player 1,Sets Won Player 2,Total Game Points Player 1,Total Game Points Player 2,Most Consecutive Points Player 1,Most Consecutive Points Player 2,Player 1 Head to Head Analysis,Player 2 Head to Head Analysis,Match Winner
0,Yonex_All_England_Open,2018-03-18,England,MS,3,0,75,China,China,Shi Yu Qi,7,Lin Dan,6,21,19,16,21,21,9,58,49,2,1,3,1,7,3,5,2,1
1,Blibli_Indonesia_Open,2018-07-04,Indonesia,MS,3,0,68,Indonesia,Thailand,Tommy Sugiarto,,Khosit Phetpradab,,20,22,21,10,21,16,62,48,2,1,7,1,7,5,2,0,1
2,Blibli_Indonesia_Open,2018-07-03,Indonesia,MS,3,0,59,Japan,Denmark,Kanta Tsuneyama,,Jan O Jorgensen,,12,21,21,17,21,6,54,44,2,1,3,1,9,5,2,0,1
3,Yonex_All_England_Open,2018-03-17,England,MS,2,0,45,China,Korea,Shi Yu Qi,7,Son Wan Ho,5,21,17,21,14,0,0,42,31,2,0,3,0,7,4,6,4,1
4,Blibli_Indonesia_Open,2018-07-06,Indonesia,MS,2,0,38,Japan,Indonesia,Kento Momota,,Tommy Sugiarto,,21,11,21,15,0,0,42,26,2,0,4,0,6,4,9,3,1
5,Blibli_Indonesia_Open,2018-07-05,Indonesia,MS,2,0,49,Japan,Indonesia,Kento Momota,,Anthony Sinisuka Ginting,,21,14,21,15,0,0,42,29,2,0,4,0,7,8,11,5,1
6,Yonex_All_England_Open,2018-03-17,England,MS,3,0,61,China,China,Lin Dan,6,Huang Yu Xiang,,21,14,13,21,21,11,55,46,2,1,3,1,4,4,2,0,1
7,Yonex_All_England_Open,2018-03-15,England,MS,3,0,64,Malaysia,Korea,Lee Chong Wei,2,Lee Dong Keun,,21,6,13,21,21,18,55,45,2,1,2,1,7,7,4,0,1
8,Blibli_Indonesia_Open,2018-07-04,Indonesia,MS,2,0,38,Indonesia,Netherlands,Anthony Sinisuka Ginting,,Mark Caljouw,,21,9,21,17,0,0,42,26,2,0,3,0,8,2,1,0,1
9,Blibli_Indonesia_Open,2018-07-08,Indonesia,MS,2,0,38,Japan,Denmark,Kento Momota,,Viktor Axelsen,1,21,14,21,9,0,0,42,23,2,0,2,0,6,3,14,5,1
10,Blibli_Indonesia_Open,2018-07-06,Indonesia,MS,2,0,43,Malaysia,Thailand,Lee Chong Wei,7,Kantaphon Wangcharoen,,21,13,22,20,0,0,43,33,2,0,3,0,7,4,1,0,1
11,Blibli_Indonesia_Open,2018-07-07,Indonesia,MS,3,0,52,Denmark,China,Viktor Axelsen,1,Shi Yu Qi,3,18,21,21,14,21,11,60,46,2,1,3,1,5,4,10,3,1
12,Blibli_Indonesia_Open,2018-07-03,Indonesia,MS,3,0,86,France,China,Brice Leverdez,,Chen Long,5,17,21,22,20,21,19,60,60,2,1,2,2,10,8,1,6,1
13,Yonex_All_England_Open,2018-03-16,England,MS,2,0,52,China,Malaysia,Lin Dan,6,Lee Chong Wei,2,21,16,21,17,0,0,42,33,2,0,2,0,6,4,13,6,1
14,Yonex_All_England_Open,2018-03-14,England,MS,3,0,58,India,France,Kidambi Srikanth,3,Brice Leverdez,,7,21,21,14,22,20,50,55,2,1,2,2,4,6,5,1,1
15,Blibli_Indonesia_Open,2018-07-06,Indonesia,MS,2,0,34,Denmark,Japan,Viktor Axelsen,1,Kanta Tsuneyama,,21,11,21,10,0,0,42,21,2,0,2,0,6,2,6,1,1
16,Blibli_Indonesia_Open,2018-07-03,Indonesia,MS,3,0,60,India,China,Prannoy H. S.,8,Lin Dan,,21,15,9,21,21,14,51,50,2,1,3,2,5,8,3,2,1
17,Blibli_Indonesia_Open,2018-07-07,Indonesia,MS,2,0,52,Japan,Malaysia,Kento Momota,,Lee Chong Wei,7,23,21,21,12,0,0,44,33,2,0,7,1,8,4,2,2,1
18,Yonex_All_England_Open,2018-03-15,England,MS,2,0,45,Japan,Hongkong,Kenta Nishimoto,,Ng Ka Long Angus,,21,12,21,15,0,0,42,27,2,0,4,0,8,3,7,3,1
19,Blibli_Indonesia_Open,2018-07-03,Indonesia,MS,2,0,35,Chinesetaipei,India,Wang Tzu Wei,,Sai Praneeth B.,,21,10,21,13,0,0,42,23,2,0,3,0,9,4,4,0,1
20,Yonex_All_England_Open,2018-03-14,England,MS,2,0,46,China,Denmark,Lin Dan,6,Hans-Kristian Solberg Vittinghus,,21,19,21,16,0,0,42,35,2,0,4,0,7,4,5,1,1
21,Blibli_Indonesia_Open,2018-07-04,Indonesia,MS,3,0,60,Japan,India,Kento Momota,,Kidambi Srikanth,4,12,21,21,14,21,15,54,50,2,1,3,3,4,8,16,4,1
22,Victor_China_Open,2018-09-18,China,MS,3,0,51,Korea,Hongkong,Son Wan Ho,4,Lee Cheuk Yiu,,19,21,21,5,21,13,61,39,2,1,2,2,12,5,4,0,1
23,Victor_China_Open,2018-09-19,China,MS,2,0,42,China,Indonesia,Shi Yu Qi,2,Tommy Sugiarto,,23,21,21,13,0,0,44,34,2,0,2,3,5,3,3,1,1
24,Blibli_Indonesia_Open,2018-07-03,Indonesia,MS,2,0,39,Japan,Thailand,Kazumasa Sakai,,Tanongsak Saensomboonsuk,,21,17,21,13,0,0,42,30,2,0,2,0,4,4,1,1,1
25,Yonex_All_England_Open,2018-03-16,England,MS,2,0,39,China,China,Shi Yu Qi,7,Chen Long,4,21,10,21,17,0,0,42,27,2,0,2,0,5,4,2,5,1
26,Blibli_Indonesia_Open,2018-07-04,Indonesia,MS,3,0,60,Malaysia,Hongkong,Lee Chong Wei,7,Ng Ka Long Angus,,21,15,18,21,21,10,60,46,2,1,3,1,4,4,8,1,1
27,Blibli_Indonesia_Open,2018-07-03,Indonesia,MS,2,0,39,Denmark,Indonesia,Viktor Axelsen,1,Jonatan Christie,,21,10,21,19,0,0,42,29,2,0,2,0,6,4,10,2,1
28,Blibli_Indonesia_Open,2018-07-05,Indonesia,MS,2,0,47,Malaysia,Denmark,Lee Chong Wei,7,Anders Antonsen,,21,12,21,15,0,0,42,27,2,0,2,0,8,5,1,0,1
29,Victor_China_Open,2018-09-18,China,MS,3,0,54,Indonesia,China,Anthony Sinisuka Ginting,,Lin Dan,,22,24,21,5,21,19,64,48,2,1,3,7,7,5,2,3,1
30,Blibli_Indonesia_Open,2018-07-06,Indonesia,MS,2,0,39,China,India,Shi Yu Qi,3,Prannoy H. S.,8,21,17,21,18,0,0,42,35,2,0,3,0,6,4,7,2,1
31,Victor_China_Open,2018-09-19,China,MS,2,0,31,India,Denmark,Kidambi Srikanth,7,Rasmus Gemke,,21,9,21,19,0,0,42,28,2,0,2,0,7,5,1,1,1
32,Yonex_All_England_Open,2018-03-16,England,MS,3,0,78,Korea,Japan,Son Wan Ho,5,Kenta Nishimoto,,21,18,9,21,21,14,51,53,2,1,2,2,8,6,6,3,1
33,Victor_China_Open,2018-09-20,China,MS,2,0,45,Indonesia,Denmark,Anthony Sinisuka Ginting,,Viktor Axelsen,1,21,18,21,17,0,0,42,35,2,0,3,0,6,4,5,13,1
34,Blibli_Indonesia_Open,2018-07-03,Indonesia,MS,3,0,69,India,Denmark,Sameer Verma,,Rasmus Gemke,,21,9,12,21,22,20,55,50,2,1,5,2,7,4,3,0,1
35,Yonex_All_England_Open,2018-03-15,England,MS,2,0,43,Korea,Indonesia,Son Wan Ho,5,Jonatan Christie,,21,16,21,12,0,0,42,28,2,0,4,0,7,6,4,2,1
36,Blibli_Indonesia_Open,2018-07-04,Indonesia,MS,2,0,33,Chinesetaipei,Hongkong,Chou Tien Chen,6,Wong Wing Ki Vincent,,21,17,21,11,0,0,42,28,2,0,4,0,4,4,6,3,1
37,Yonex_All_England_Open,2018-03-16,England,MS,3,0,77,China,India,Huang Yu Xiang,,Prannoy H. S.,,20,22,21,16,23,21,64,59,2,1,6,1,5,8,3,2,1
38,Blibli_Indonesia_Open,2018-07-03,Indonesia,MS,3,0,62,China,England,Shi Yu Qi,3,Rajiv Ouseph,,16,21,21,18,21,18,58,57,2,1,3,1,3,4,4,2,1
39,Yonex_All_England_Open,2018-03-14,England,MS,2,0,34,China,China,Chen Long,4,Qiao Bin,,21,13,21,11,0,0,42,24,2,0,3,0,6,5,3,0,1
40,Victor_China_Open,2018-09-22,China,MS,3,0,68,Indonesia,Chinesetaipei,Anthony Sinisuka Ginting,,Chou Tien Chen,5,12,21,21,17,21,15,54,53,2,1,5,1,4,5,10,6,1
41,Blibli_Indonesia_Open,2018-07-04,Indonesia,MS,3,0,56,Thailand,Korea,Kantaphon Wangcharoen,,Lee Hyun Il,,21,13,12,21,24,22,57,56,2,1,6,1,4,4,1,1,1
42,Victor_China_Open,2018-09-19,China,MS,2,0,34,Hongkong,India,Ng Ka Long Angus,8,Prannoy H. S.,,21,16,21,12,0,0,42,28,2,0,3,0,4,4,7,6,1
43,Victor_China_Open,2018-09-20,China,MS,2,0,35,China,Denmark,Chen Long,6,Jan O Jorgensen,,21,10,21,5,0,0,42,15,2,0,2,0,6,2,11,2,1
44,Victor_China_Open,2018-09-22,China,MS,2,0,40,Japan,China,Kento Momota,3,Shi Yu Qi,2,21,10,21,17,0,0,42,27,2,0,6,0,7,3,6,6,1
45,Yonex_All_England_Open,2018-03-14,England,MS,2,0,45,Korea,Denmark,Lee Hyun Il,,Anders Antonsen,,21,11,21,14,0,0,42,25,2,0,4,0,7,3,3,1,1
46,Victor_China_Open,2018-09-21,China,MS,2,0,35,China,Hongkong,Shi Yu Qi,2,Ng Ka Long Angus,8,21,17,21,15,0,0,42,32,2,0,2,0,5,4,11,3,1
47,Blibli_Indonesia_Open,2018-07-05,Indonesia,MS,3,0,60,India,Chinesetaipei,Prannoy H. S.,8,Wang Tzu Wei,,21,23,21,15,21,13,63,51,2,1,4,1,7,5,6,3,1
48,Blibli_Indonesia_Open,2018-07-04,Indonesia,MS,2,0,54,Denmark,Japan,Anders Antonsen,,Kenta Nishimoto,,21,14,25,23,0,0,46,37,2,0,5,2,6,4,9,4,1
49,Victor_China_Open,2018-09-21,China,MS,3,0,85,Indonesia,China,Anthony Sinisuka Ginting,,Chen Long,6,18,21,22,20,21,16,61,57,2,1,4,1,9,7,8,6,1
50,Blibli_Indonesia_Open,2018-07-05,Indonesia,MS,2,0,35,China,Japan,Shi Yu Qi,3,Kazumasa Sakai,,21,14,21,17,0,0,42,31,2,0,4,0,5,3,5,1,1
51,Yonex_All_England_Open,2018-03-15,England,MS,2,0,44,China,Chinesetaipei,Lin Dan,6,Wang Tzu Wei,,21,13,23,21,0,0,44,34,2,0,5,3,6,4,2,2,1
52,Blibli_Indonesia_Open,2018-07-05,Indonesia,MS,2,0,39,Denmark,India,Viktor Axelsen,1,Sameer Verma,,21,15,21,14,0,0,42,29,2,0,5,0,6,3,3,0,1
53,Blibli_Indonesia_Open,2018-07-05,Indonesia,MS,2,0,40,Japan,France,Kanta Tsuneyama,,Brice Leverdez,,24,22,21,13,0,0,45,35,2,0,4,1,4,7,3,0,1
54,Victor_China_Open,2018-09-23,China,MS,2,0,63,Indonesia,Japan,Anthony Sinisuka Ginting,,Kento Momota,3,23,21,21,19,0,0,44,40,2,0,3,1,6,4,5,11,1
55,Victor_China_Open,2018-09-20,China,MS,3,0,57,China,Korea,Shi Yu Qi,2,Lee Hyun Il,,19,21,21,18,21,15,61,54,2,1,4,4,6,8,4,1,1
56,Blibli_Indonesia_Open,2018-07-05,Indonesia,MS,3,0,64,Indonesia,Chinesetaipei,Tommy Sugiarto,,Chou Tien Chen,6,21,13,14,21,21,18,56,52,2,1,9,3,5,4,5,5,1
57,Yonex_All_England_Open,2018-03-15,England,MS,2,0,51,China,Thailand,Chen Long,4,Khosit Phetpradab,,21,18,21,14,0,0,42,32,2,0,4,0,5,6,3,1,1
58,Yonex_All_England_Open,2018-03-15,England,MS,2,0,38,China,Korea,Shi Yu Qi,7,Lee Hyun Il,,21,11,21,19,0,0,42,30,2,0,4,0,5,5,4,1,1
59,Victor_China_Open,2018-09-21,China,MS,2,0,28,Japan,India,Kento Momota,3,Kidambi Srikanth,7,21,9,21,11,0,0,42,20,2,0,6,0,9,3,16,4,1
60,Victor_China_Open,2018-09-18,China,MS,2,0,30,Denmark,Thailand,Viktor Axelsen,1,Khosit Phetpradab,,21,12,21,15,0,0,42,27,2,0,4,0,4,2,5,0,1
61,Victor_China_Open,2018-09-21,China,MS,2,0,39,Chinesetaipei,Korea,Chou Tien Chen,5,Son Wan Ho,4,21,17,21,14,0,0,42,31,2,0,2,0,6,5,3,8,1
62,Blibli_Indonesia_Open,2018-07-04,Indonesia,MS,1,1,6,Denmark,Korea,Hans-Kristian Solberg Vittinghus,,Son Wan Ho,2,11,6,0,0,0,0,11,6,1,0,0,0,3,2,3,6,1
63,Victor_China_Open,2018-09-18,China,MS,3,0,60,Denmark,Korea,Jan O Jorgensen,,Lee Dong Keun,,18,21,21,17,21,13,60,51,2,1,4,1,8,4,9,2,1
64,Victor_China_Open,2018-09-20,China,MS,2,0,28,Chinesetaipei,Thailand,Chou Tien Chen,5,Kantaphon Wangcharoen,,21,14,21,11,0,0,42,25,2,0,3,0,6,2,7,1,1
65,Yonex_All_England_Open,2019-03-06,England,MS,2,0,45,China,Denmark,Shi Yu Qi,2,Anders Antonsen,,21,17,21,16,0,0,42,33,2,0,3,0,5,4,6,3,1
66,Yonex_All_England_Open,2018-03-15,England,MS,2,0,38,India,Indonesia,Prannoy H. S.,,Tommy Sugiarto,,21,10,21,19,0,0,42,29,2,0,3,0,5,3,3,0,1
67,Victor_China_Open,2018-09-19,China,MS,3,0,69,Korea,Denmark,Lee Hyun Il,,Anders Antonsen,,18,21,21,19,21,18,60,58,2,1,2,4,5,4,3,1,1
68,Victor_China_Open,2018-09-18,China,MS,3,0,75,China,China,Chen Long,6,Huang Yu Xiang,,20,22,21,19,21,13,62,54,2,1,3,1,6,6,3,0,1
69,Yonex_All_England_Open,2018-03-14,England,MS,2,0,41,Chinesetaipei,Thailand,Wang Tzu Wei,,Tanongsak Saensomboonsuk,,21,17,21,18,0,0,42,35,2,0,4,0,6,5,3,0,1
70,Victor_China_Open,2018-09-20,China,MS,2,0,30,Japan,Japan,Kento Momota,3,Kenta Nishimoto,,21,9,21,9,0,0,42,18,2,0,4,0,8,3,4,3,1
71,Victor_China_Open,2018-09-19,China,MS,2,0,35,Japan,France,Kento Momota,3,Brice Leverdez,,21,14,21,12,0,0,42,26,2,0,4,0,6,7,3,0,1
72,Yonex_All_England_Open,2018-03-15,England,MS,3,0,52,China,India,Huang Yu Xiang,,Kidambi Srikanth,3,21,11,15,21,22,20,58,52,2,1,3,4,5,6,1,4,1
73,Yonex_All_England_Open,2018-03-14,England,MS,2,0,44,Japan,Japan,Kenta Nishimoto,,Kanta Tsuneyama,,21,8,21,18,0,0,42,26,2,0,3,0,7,4,4,1,1
74,Yonex_All_England_Open,2019-03-06,England,MS,2,0,41,Indonesia,England,Tommy Sugiarto,,Rajiv Ouseph,,21,16,21,19,0,0,42,35,2,0,6,0,8,4,7,1,1
75,Victor_China_Open,2018-09-18,China,MS,2,0,23,Hongkong,Chinesetaipei,Wong Wing Ki Vincent,,Wang Tzu Wei,,21,10,21,13,0,0,42,23,2,0,3,0,5,3,4,1,1
76,Victor_China_Open,2018-09-20,China,MS,2,0,44,Korea,Hongkong,Son Wan Ho,4,Wong Wing Ki Vincent,,21,16,21,16,0,0,42,32,2,0,3,0,5,5,1,1,1
77,Victor_China_Open,2018-09-18,China,MS,2,0,34,Thailand,Denmark,Kantaphon Wangcharoen,,Hans-Kristian Solberg Vittinghus,,21,18,21,18,0,0,42,36,2,0,3,0,7,5,2,2,1
78,Victor_China_Open,2018-09-20,China,MS,3,0,63,India,Thailand,Kidambi Srikanth,7,Suppanyu Avihingsanon,,21,12,15,21,24,22,60,55,2,1,6,2,6,5,2,0,1
79,Yonex_All_England_Open,2019-03-07,England,MS,3,0,59,India,Indonesia,Kidambi Srikanth,7,Jonatan Christie,,21,17,11,21,21,12,53,50,2,1,5,1,5,6,7,5,1
80,Victor_China_Open,2018-09-19,China,MS,3,0,59,Indonesia,Japan,Jonatan Christie,,Kanta Tsuneyama,,21,18,17,21,21,13,59,52,2,1,4,2,6,5,5,0,1
81,Victor_China_Open,2018-09-19,China,MS,2,0,41,Thailand,Netherlands,Suppanyu Avihingsanon,,Mark Caljouw,,22,20,21,17,0,0,43,37,2,0,3,1,5,5,1,1,1
82,Victor_China_Open,2018-09-18,China,MS,3,0,61,Chinesetaipei,Chinesetaipei,Chou Tien Chen,5,Hsu Jen Hao,,21,11,20,22,21,19,62,52,2,1,3,2,4,4,2,1,1
83,Blibli_Indonesia_Open,2018-07-05,Indonesia,MS,2,0,36,Thailand,Denmark,Kantaphon Wangcharoen,,Hans-Kristian Solberg Vittinghus,,21,18,21,11,0,0,42,29,2,0,2,0,5,6,2,2,1
84,Victor_China_Open,2018-09-20,China,MS,2,0,39,Hongkong,Indonesia,Ng Ka Long Angus,8,Jonatan Christie,,21,18,21,16,0,0,42,34,2,0,2,0,7,4,5,7,1
85,Yonex_All_England_Open,2019-03-07,England,MS,2,0,41,Denmark,China,Viktor Axelsen,6,Lu Guang Zu,,21,19,21,16,0,0,42,35,2,0,3,0,8,8,7,0,1
86,Yonex_All_England_Open,2019-03-06,England,MS,3,0,65,Denmark,India,Viktor Axelsen,6,Sameer Verma,,16,21,21,18,21,14,58,53,2,1,5,1,8,5,3,0,1
87,Yonex_All_England_Open,2019-03-06,England,MS,2,0,40,Japan,Thailand,Kento Momota,1,Khosit Phetpradab,,21,13,21,7,0,0,42,20,2,0,4,0,10,3,4,0,1
88,Victor_China_Open,2018-09-19,China,MS,2,0,33,Japan,Japan,Kenta Nishimoto,,Kazumasa Sakai,,21,12,21,11,0,0,42,23,2,0,4,0,5,4,1,2,1
89,Yonex_All_England_Open,2019-03-08,England,MS,3,0,68,Hongkong,Indonesia,Ng Ka Long Angus,,Tommy Sugiarto,,16,21,21,14,21,15,58,50,2,1,2,2,3,6,4,5,1
90,Yonex_All_England_Open,2019-03-09,England,MS,2,0,54,Japan,Hongkong,Kento Momota,1,Ng Ka Long Angus,,21,19,21,11,0,0,42,30,2,0,3,0,5,5,7,1,1
91,Yonex_All_England_Open,2019-03-10,England,MS,3,0,81,Japan,Denmark,Kento Momota,1,Viktor Axelsen,6,21,11,15,21,21,15,57,47,2,1,3,3,8,5,14,5,1
92,Blibli_Indonesia_Open,2019-07-16,Indonesia,MS,2,0,43,Denmark,Chinesetaipei,Hans-Kristian Solberg Vittinghus,,Wang Tzu Wei,,21,16,21,18,0,0,42,34,2,0,3,0,6,4,4,3,1
93,Yonex_All_England_Open,2019-03-07,England,MS,3,0,80,Indonesia,China,Tommy Sugiarto,,Huang Yu Xiang,,22,24,21,17,21,16,64,57,2,1,6,4,10,5,2,0,1
94,Yonex_All_England_Open,2019-03-09,England,MS,3,0,66,Denmark,China,Viktor Axelsen,6,Shi Yu Qi,2,22,20,13,21,21,9,56,50,2,1,4,1,5,6,10,3,1
95,Yonex_All_England_Open,2019-03-08,England,MS,2,0,44,Japan,India,Kento Momota,1,Kidambi Srikanth,7,21,12,21,16,0,0,42,28,2,0,8,0,9,4,16,4,1
96,Blibli_Indonesia_Open,2019-07-18,Indonesia,MS,3,0,76,Chinesetaipei,China,Chou Tien Chen,4,Lin Dan,,24,22,17,21,21,13,62,56,2,1,2,6,5,5,3,7,1
97,Blibli_Indonesia_Open,2019-07-17,Indonesia,MS,3,0,92,China,Indonesia,Chen Long,5,Tommy Sugiarto,,22,20,14,21,21,17,57,58,2,1,4,1,7,7,12,1,1
98,Yonex_All_England_Open,2019-03-07,England,MS,2,0,32,China,Malaysia,Shi Yu Qi,2,Liew Daren,,21,8,21,10,0,0,42,18,2,0,3,0,7,3,3,1,1
99,Blibli_Indonesia_Open,2019-07-19,Indonesia,MS,3,0,76,Chinesetaipei,Indonesia,Chou Tien Chen,4,Jonatan Christie,6,16,21,21,18,21,14,58,53,2,1,2,2,8,5,7,9,1
100,Blibli_Indonesia_Open,2019-07-18,Indonesia,MS,3,0,84,Thailand,Indonesia,Kantaphon Wangcharoen,,Anthony Sinisuka Ginting,7,22,20,11,21,21,19,54,60,2,1,4,3,8,8,4,7,1
101,Blibli_Indonesia_Open,2019-07-21,Indonesia,MS,3,0,91,Chinesetaipei,Denmark,Chou Tien Chen,4,Anders Antonsen,,21,18,24,26,21,15,66,59,2,1,7,5,6,5,7,4,1
102,Yonex_All_England_Open,2019-03-08,England,MS,2,0,37,China,Japan,Shi Yu Qi,2,Kanta Tsuneyama,,21,14,21,7,0,0,42,21,2,0,2,0,11,5,6,1,1
103,Blibli_Indonesia_Open,2019-07-18,Indonesia,MS,2,0,42,Indonesia,Denmark,Jonatan Christie,6,Hans-Kristian Solberg Vittinghus,,22,20,21,13,0,0,43,33,2,0,8,0,11,6,4,0,1
104,Blibli_Indonesia_Open,2019-07-20,Indonesia,MS,3,0,77,Chinesetaipei,Thailand,Chou Tien Chen,4,Kantaphon Wangcharoen,,21,19,18,21,21,16,60,56,2,1,5,2,6,6,7,1,1
105,Blibli_Indonesia_Open,2019-07-19,Indonesia,MS,2,0,33,Hongkong,Hongkong,Wong Wing Ki Vincent,,Ng Ka Long Angus,,21,16,21,13,0,0,42,29,2,0,4,0,7,4,4,2,1
106,Victor_China_Open,2019-09-17,China,MS,3,0,79,China,Malaysia,Chen Long,5,Lee Zii Jia,,21,16,12,21,23,21,56,58,2,1,4,1,5,6,4,2,1
107,Blibli_Indonesia_Open,2019-07-20,Indonesia,MS,2,0,50,Denmark,Hongkong,Anders Antonsen,,Wong Wing Ki Vincent,,21,17,21,10,0,0,42,27,2,0,2,0,6,4,1,0,1
108,Yonex_All_England_Open,2019-03-08,England,MS,2,0,43,Denmark,Denmark,Viktor Axelsen,6,Jan O Jorgensen,,23,21,21,18,0,0,44,39,2,0,5,1,5,4,5,3,1
109,Blibli_Indonesia_Open,2019-07-17,Indonesia,MS,2,0,35,Hongkong,France,Ng Ka Long Angus,,Brice Leverdez,,21,13,21,9,0,0,42,22,2,0,2,0,5,3,4,1,1
110,Blibli_Indonesia_Open,2019-07-19,Indonesia,MS,2,0,49,Denmark,Malaysia,Anders Antonsen,,Lee Zii Jia,,21,16,21,11,0,0,42,27,2,0,5,0,9,4,5,4,1
111,Blibli_Indonesia_Open,2019-07-18,Indonesia,MS,1,1,12,Denmark,China,Anders Antonsen,,Shi Yu Qi,2,7,6,0,0,0,0,7,6,1,0,0,0,3,3,3,6,1
112,Blibli_Indonesia_Open,2019-07-16,Indonesia,MS,2,0,35,Chinesetaipei,Thailand,Chou Tien Chen,4,Suppanyu Avihingsanon,,21,12,21,11,0,0,42,23,2,0,8,0,7,3,6,0,1
113,Yonex_All_England_Open,2018-03-14,England,MS,2,0,33,Indonesia,Hongkong,Jonatan Christie,,Wong Wing Ki Vincent,,21,7,21,13,0,0,42,20,2,0,2,0,8,3,4,1,1
114,Victor_China_Open,2019-09-17,China,MS,3,0,61,Japan,Denmark,Kanta Tsuneyama,,Viktor Axelsen,6,10,21,21,14,21,16,52,51,2,1,2,1,8,8,1,6,1
115,Yonex_All_England_Open,2019-03-06,England,MS,3,0,55,China,Denmark,Lu Guang Zu,,Hans-Kristian Solberg Vittinghus,,20,22,21,15,21,11,62,48,2,1,3,1,10,5,2,0,1
116,Blibli_Indonesia_Open,2019-07-19,Indonesia,MS,2,0,39,Thailand,China,Kantaphon Wangcharoen,,Huang Yu Xiang,,21,10,21,17,0,0,42,27,2,0,2,0,5,3,3,1,1
117,Blibli_Indonesia_Open,2019-07-17,Indonesia,MS,2,0,38,India,Japan,Kidambi Srikanth,8,Kenta Nishimoto,,21,14,21,13,0,0,42,27,2,0,3,0,6,3,6,4,1
118,Yonex_All_England_Open,2019-03-07,England,MS,2,0,35,Hongkong,India,Ng Ka Long Angus,,Sai Praneeth B.,,21,12,21,17,0,0,42,29,2,0,3,0,8,5,3,2,1
119,Victor_China_Open,2019-09-19,China,MS,2,0,51,Chinesetaipei,China,Chou Tien Chen,2,Huang Yu Xiang,,21,19,21,18,0,0,42,37,2,0,3,0,4,3,3,2,1
120,Victor_China_Open,2019-09-17,China,MS,2,0,49,Japan,China,Kento Momota,1,Lin Dan,,21,14,21,14,0,0,42,28,2,0,3,0,5,3,4,1,1
121,Blibli_Indonesia_Open,2019-07-17,Indonesia,MS,2,0,36,Hongkong,Indonesia,Lee Cheuk Yiu,,Yehezkiel Fritz Mainaky,,21,12,21,15,0,0,42,27,2,0,3,0,4,2,1,0,1
122,Victor_China_Open,2019-09-19,China,MS,2,0,37,Japan,Indonesia,Kento Momota,1,Tommy Sugiarto,,21,10,21,11,0,0,42,21,2,0,2,0,6,3,9,3,1
123,Victor_China_Open,2019-09-18,China,MS,2,0,34,Chinesetaipei,Thailand,Chou Tien Chen,2,Khosit Phetpradab,,21,12,21,10,0,0,42,22,2,0,2,0,6,2,4,1,1
124,Yonex_All_England_Open,2019-03-07,England,MS,2,0,52,Japan,Japan,Kanta Tsuneyama,,Kenta Nishimoto,,21,19,21,13,0,0,42,32,2,0,3,0,6,3,1,4,1
125,Yonex_All_England_Open,2019-03-07,England,MS,2,0,56,Japan,Thailand,Kento Momota,1,Kantaphon Wangcharoen,,21,19,21,11,0,0,42,30,2,0,5,0,5,4,4,0,1
126,Yonex_All_England_Open,2018-03-14,England,MS,2,0,39,Hongkong,Netherlands,Ng Ka Long Angus,,Mark Caljouw,,22,20,21,11,0,0,43,31,2,0,7,0,8,5,7,0,1
127,Blibli_Indonesia_Open,2019-07-17,Indonesia,MS,3,0,55,Hongkong,India,Wong Wing Ki Vincent,,Sai Praneeth B.,,21,15,13,21,21,10,55,46,2,1,2,1,8,4,3,2,1
128,Victor_China_Open,2019-09-19,China,MS,2,0,48,China,Chinesetaipei,Chen Long,5,Wang Tzu Wei,,21,10,21,17,0,0,42,27,2,0,3,0,6,2,4,2,1
129,Blibli_Indonesia_Open,2019-07-16,Indonesia,MS,3,0,56,China,Canada,Lin Dan,,Jason Anthony Ho-Shue,,14,21,21,16,21,16,56,53,2,1,3,2,5,6,1,0,1
130,Yonex_All_England_Open,2018-03-14,England,MS,3,0,59,Korea,India,Son Wan Ho,5,Sai Praneeth B.,,13,21,21,15,21,11,55,47,2,1,3,3,5,5,4,1,1
131,Victor_China_Open,2019-09-20,China,MS,2,0,49,Denmark,Chinesetaipei,Anders Antonsen,8,Chou Tien Chen,2,21,17,21,11,0,0,42,28,2,0,3,0,5,3,4,7,1
132,Blibli_Indonesia_Open,2019-07-17,Indonesia,MS,2,0,39,Malaysia,Thailand,Lee Zii Jia,,Khosit Phetpradab,,21,14,21,13,0,0,42,27,2,0,7,0,6,3,2,0,1
133,Victor_China_Open,2019-09-18,China,MS,3,0,71,Denmark,Hongkong,Rasmus Gemke,,Lee Cheuk Yiu,,21,13,14,21,21,14,56,48,2,1,2,1,6,4,3,3,1
134,Blibli_Indonesia_Open,2019-07-16,Indonesia,MS,3,0,85,Thailand,Japan,Kantaphon Wangcharoen,,Kanta Tsuneyama,,21,19,19,21,21,17,61,57,2,1,3,1,6,6,2,0,1
135,Blibli_Indonesia_Open,2019-07-18,Indonesia,MS,3,0,74,China,Japan,Huang Yu Xiang,,Kento Momota,1,21,16,11,21,21,18,53,55,2,1,2,2,6,9,2,3,1
136,Yonex_All_England_Open,2019-03-06,England,MS,2,0,30,Denmark,Japan,Jan O Jorgensen,,Kazumasa Sakai,,21,10,21,17,0,0,42,27,2,0,8,0,8,5,2,3,1
137,Victor_China_Open,2019-09-18,China,MS,3,0,72,Indonesia,Japan,Anthony Sinisuka Ginting,7,Kenta Nishimoto,,21,14,19,21,21,13,61,48,2,1,2,2,6,5,7,4,1
138,Victor_China_Open,2019-09-17,China,MS,2,0,32,Indonesia,Hongkong,Tommy Sugiarto,,Wong Wing Ki Vincent,,21,10,21,15,0,0,42,25,2,0,2,0,5,5,5,4,1
139,Blibli_Indonesia_Open,2019-07-16,Indonesia,MS,2,0,58,Indonesia,Denmark,Jonatan Christie,6,Rasmus Gemke,,21,17,24,22,0,0,45,39,2,0,2,4,6,4,3,1,1
140,Blibli_Indonesia_Open,2019-07-16,Indonesia,MS,3,0,78,Indonesia,China,Anthony Sinisuka Ginting,7,Lu Guang Zu,,20,22,23,21,21,18,64,61,2,1,6,5,6,7,5,1,1
141,Blibli_Indonesia_Open,2019-07-17,Indonesia,MS,3,0,71,China,India,Shi Yu Qi,2,Prannoy H. S.,,19,21,21,18,22,20,62,59,2,1,5,1,5,6,7,2,1
142,Victor_China_Open,2019-09-18,China,MS,3,0,72,India,Thailand,Sai Praneeth B.,,Suppanyu Avihingsanon,,21,19,21,23,21,14,63,56,2,1,3,3,6,4,4,1,1
143,Yonex_All_England_Open,2019-03-07,England,MS,2,0,47,Denmark,Denmark,Jan O Jorgensen,,Rasmus Gemke,,21,17,22,20,0,0,43,37,2,0,4,0,6,5,2,0,1
144,Victor_China_Open,2019-09-20,China,MS,3,0,55,Indonesia,India,Anthony Sinisuka Ginting,7,Sai Praneeth B.,,16,21,21,6,21,16,58,43,2,1,2,2,7,6,5,3,1
145,Blibli_Indonesia_Open,2019-07-17,Indonesia,MS,2,0,58,Denmark,Thailand,Anders Antonsen,,Sitthikom Thammasin,,21,16,21,15,0,0,42,31,2,0,2,0,7,3,3,0,1
146,Victor_China_Open,2019-09-19,China,MS,2,0,45,Denmark,Denmark,Anders Antonsen,8,Rasmus Gemke,,21,11,21,15,0,0,42,26,2,0,4,0,6,2,7,0,1
147,Blibli_Indonesia_Open,2019-07-16,Indonesia,MS,2,0,48,Japan,Malaysia,Kento Momota,1,Liew Daren,,22,20,21,14,0,0,43,34,2,0,2,1,4,4,4,0,1
148,Yonex_All_England_Open,2019-03-06,England,MS,3,0,58,Hongkong,Indonesia,Ng Ka Long Angus,,Anthony Sinisuka Ginting,8,21,18,13,21,21,11,55,50,2,1,2,2,5,7,7,7,1
149,Victor_China_Open,2019-09-20,China,MS,2,0,45,China,Hongkong,Chen Long,5,Ng Ka Long Angus,,21,13,21,13,0,0,42,26,2,0,3,0,5,4,5,2,1
150,Blibli_Indonesia_Open,2019-07-16,Indonesia,MS,2,0,41,China,Netherlands,Huang Yu Xiang,,Mark Caljouw,,21,12,21,13,0,0,42,25,2,0,3,0,10,6,1,1,1
151,Victor_China_Open,2019-09-20,China,MS,2,0,36,Japan,Japan,Kento Momota,1,Kanta Tsuneyama,,21,11,21,8,0,0,42,19,2,0,3,0,7,3,4,3,1
152,Yonex_All_England_Open,2019-03-06,England,MS,2,0,52,India,India,Sai Praneeth B.,,Prannoy H. S.,,21,19,21,19,0,0,42,38,2,0,5,0,4,4,1,2,1
153,Yonex_All_England_Open,2018-03-14,England,MS,2,0,46,China,Korea,Shi Yu Qi,7,Jeon Hyeok Jin,,21,18,21,19,0,0,42,37,2,0,3,0,7,4,2,0,1
154,Blibli_Indonesia_Open,2019-07-18,Indonesia,MS,3,0,88,Malaysia,China,Lee Zii Jia,,Chen Long,5,21,16,19,21,22,20,62,57,2,1,5,2,7,4,2,4,1
155,Victor_China_Open,2019-09-21,China,MS,3,0,87,Japan,China,Kento Momota,1,Chen Long,5,19,21,21,18,21,16,61,55,2,1,2,1,6,6,5,5,1
156,Victor_China_Open,2019-09-18,China,MS,3,0,67,China,Thailand,Huang Yu Xiang,,Kantaphon Wangcharoen,,21,15,16,21,21,17,58,53,2,1,3,1,12,7,1,3,1
157,Victor_China_Open,2019-09-21,China,MS,3,0,67,Indonesia,Denmark,Anthony Sinisuka Ginting,7,Anders Antonsen,8,18,21,21,5,21,14,60,40,2,1,2,3,9,5,7,2,1
158,Victor_China_Open,2019-09-22,China,MS,3,0,90,Japan,Indonesia,Kento Momota,1,Anthony Sinisuka Ginting,7,19,21,21,17,21,19,61,57,2,1,2,2,8,5,11,5,1
159,Victor_China_Open,2019-09-17,China,MS,3,0,63,Malaysia,Thailand,Liew Daren,,Sitthikom Thammasin,,13,21,21,19,21,15,55,55,2,1,3,1,6,6,2,1,1
160,Yonex_All_England_Open,2020-03-11,England,MS,2,0,41,Malaysia,Indonesia,Lee Zii Jia,,Jonatan Christie,6,21,15,21,13,0,0,42,28,2,0,6,0,8,4,5,5,1
161,Yonex_All_England_Open,2018-03-14,England,MS,2,0,39,Thailand,Chinesetaipei,Khosit Phetpradab,,Hsu Jen Hao,,21,14,21,14,0,0,42,28,2,0,6,0,8,3,2,2,1
162,Yonex_All_England_Open,2020-03-12,England,MS,3,0,82,Chinesetaipei,Japan,Chou Tien Chen,1,Kanta Tsuneyama,,19,21,26,24,21,13,66,58,2,1,0,0,0,0,7,3,1
163,Yonex_All_England_Open,2020-03-13,England,MS,2,0,49,Malaysia,China,Lee Zii Jia,,Chen Long,3,21,12,21,18,0,0,42,30,2,0,0,0,0,0,2,4,1
164,Victor_China_Open,2019-09-17,China,MS,2,0,37,Chinesetaipei,Denmark,Wang Tzu Wei,,Hans-Kristian Solberg Vittinghus,,21,16,21,19,0,0,42,35,2,0,6,0,8,6,3,4,1
165,Yonex_All_England_Open,2019-03-06,England,MS,3,0,79,China,Chinesetaipei,Huang Yu Xiang,,Chou Tien Chen,3,21,14,16,21,24,22,61,57,2,1,4,3,4,6,2,3,1
166,Yonex_All_England_Open,2019-03-06,England,MS,2,0,46,Indonesia,Korea,Jonatan Christie,,Lee Dong Keun,,21,16,21,19,0,0,42,35,2,0,2,0,10,8,2,2,1
167,Yonex_All_England_Open,2020-03-13,England,MS,2,0,40,Denmark,China,Viktor Axelsen,2,Shi Yu Qi,7,21,15,21,7,0,0,42,22,2,0,0,0,0,0,10,3,1
168,Victor_China_Open,2019-09-19,China,MS,3,0,70,Indonesia,India,Anthony Sinisuka Ginting,7,Parupalli Kashyap,,23,21,15,21,21,12,59,54,2,1,3,3,4,6,8,0,1
169,Yonex_All_England_Open,2020-03-11,England,MS,2,0,47,Japan,Hongkong,Kenta Nishimoto,,Ng Ka Long Angus,8,21,18,21,15,0,0,42,33,2,0,3,0,5,8,7,3,1
170,Yonex_All_England_Open,2018-03-14,England,MS,2,0,39,Indonesia,Indonesia,Tommy Sugiarto,,Anthony Sinisuka Ginting,,21,14,21,19,0,0,42,33,2,0,2,0,8,5,3,3,1
171,Yonex_All_England_Open,2020-03-12,England,MS,2,0,45,Denmark,India,Viktor Axelsen,2,Lakshya Sen,,21,17,21,18,0,0,42,35,2,0,0,0,0,0,8,1,1
172,Blibli_Indonesia_Open,2019-07-18,Indonesia,MS,3,0,57,Hongkong,Hongkong,Wong Wing Ki Vincent,,Lee Cheuk Yiu,,15,21,21,10,21,7,57,38,2,1,2,2,6,6,1,0,1
173,Victor_China_Open,2019-09-18,China,MS,2,0,38,India,France,Parupalli Kashyap,,Brice Leverdez,,21,12,21,15,0,0,42,27,2,0,3,0,7,5,2,2,1
174,Yonex_All_England_Open,2018-03-14,England,MS,2,0,33,China,England,Huang Yu Xiang,,Rajiv Ouseph,,21,13,21,14,0,0,42,27,2,0,6,0,9,3,1,1,1
175,Victor_China_Open,2019-09-17,China,MS,3,0,54,Hongkong,China,Ng Ka Long Angus,,Zhao Jun Peng,,9,21,21,18,21,19,51,58,2,1,7,1,4,4,4,0,1
176,Victor_China_Open,2019-09-19,China,MS,2,0,42,Japan,Malaysia,Kanta Tsuneyama,,Liew Daren,,21,12,21,19,0,0,42,31,2,0,2,0,5,5,5,2,1
177,Blibli_Indonesia_Open,2019-07-18,Indonesia,MS,2,0,39,Hongkong,India,Ng Ka Long Angus,,Kidambi Srikanth,8,21,17,21,19,0,0,42,36,2,0,3,0,5,4,4,4,1
178,Victor_China_Open,2019-09-18,China,MS,2,0,15,China,China,Lu Guang Zu,,Shi Yu Qi,3,21,5,21,9,0,0,42,14,2,0,2,0,7,3,2,10,1
179,Yonex_All_England_Open,2020-03-14,England,MS,3,0,73,Denmark,Malaysia,Viktor Axelsen,2,Lee Zii Jia,,17,21,21,13,21,19,59,53,2,1,0,0,0,0,7,4,1
180,Yonex_All_England_Open,2020-03-15,England,MS,2,0,46,Denmark,Chinesetaipei,Viktor Axelsen,2,Chou Tien Chen,1,21,13,21,14,0,0,42,27,2,0,0,0,0,0,19,4,1
181,Victor_China_Open,2019-09-17,China,MS,3,0,60,Indonesia,Indonesia,Shesar Hiren Rhustavito,,Jonatan Christie,4,23,21,18,21,21,10,62,52,2,1,3,3,6,4,1,5,1
182,Yonex_All_England_Open,2020-03-11,England,MS,2,0,43,China,India,Chen Long,3,Kidambi Srikanth,,21,15,21,16,0,0,42,31,2,0,4,0,6,5,7,2,1
183,Yonex_All_England_Open,2021-03-17,England,MS,2,0,42,Japan,India,Kento Momota,1,Parupalli Kashyap,,21,13,22,20,0,0,43,33,2,0,0,0,0,0,5,0,1
184,Yonex_All_England_Open,2020-03-14,England,MS,1,1,26,Chinesetaipei,Denmark,Chou Tien Chen,1,Anders Antonsen,5,17,14,0,0,0,0,17,14,1,0,0,0,0,0,7,4,1
185,Victor_China_Open,2019-09-19,China,MS,2,0,34,Hongkong,Indonesia,Ng Ka Long Angus,,Shesar Hiren Rhustavito,,21,10,21,10,0,0,42,20,2,0,3,0,9,5,3,1,1
186,Yonex_All_England_Open,2021-03-18,England,MS,2,0,48,Japan,India,Kento Momota,1,Prannoy H. S.,,21,15,21,14,0,0,42,29,2,0,0,0,0,0,8,1,1
187,Yonex_All_England_Open,2020-03-12,England,MS,3,0,77,Denmark,Indonesia,Rasmus Gemke,,Shesar Hiren Rhustavito,,18,21,21,13,21,19,60,53,2,1,0,0,0,0,2,1,1
188,Yonex_All_England_Open,2018-03-14,England,MS,2,0,37,Malaysia,Brazil,Lee Chong Wei,2,Ygor Coelho,,21,15,21,17,0,0,42,32,2,0,3,0,4,5,1,0,1
189,Yonex_All_England_Open,2020-03-13,England,MS,2,0,44,Chinesetaipei,Chinesetaipei,Chou Tien Chen,1,Wang Tzu Wei,,21,11,21,12,0,0,42,23,2,0,0,0,0,0,11,0,1
190,Yonex_All_England_Open,2021-03-17,England,MS,2,0,44,Japan,England,Kanta Tsuneyama,,Toby Penty,,21,17,21,14,0,0,42,31,2,0,2,0,5,6,1,0,1
191,Yonex_All_England_Open,2020-03-12,England,MS,2,0,31,China,China,Shi Yu Qi,7,Zhao Jun Peng,,21,13,21,13,0,0,42,26,2,0,0,0,0,0,6,0,1
192,Yonex_All_England_Open,2021-03-17,England,MS,2,0,53,Indonesia,Thailand,Jonatan Christie,5,Kunlavut Vitidsarn,,21,13,24,22,0,0,45,35,2,0,2,3,5,6,6,3,1
193,Victor_China_Open,2019-09-19,China,MS,2,0,48,India,China,Sai Praneeth B.,,Lu Guang Zu,,21,19,21,19,0,0,42,38,2,0,4,0,4,4,1,1,1
194,Yonex_All_England_Open,2021-03-19,England,MS,2,0,55,Malaysia,Japan,Lee Zii Jia,6,Kento Momota,1,21,16,21,19,0,0,42,35,2,0,0,0,0,0,4,8,1
195,Yonex_All_England_Open,2020-03-13,England,MS,2,0,50,Denmark,Denmark,Anders Antonsen,5,Rasmus Gemke,,21,10,21,13,0,0,42,23,2,0,0,0,0,0,7,0,1
196,Victor_China_Open,2019-09-18,China,MS,1,1,2,Denmark,Netherlands,Anders Antonsen,8,Mark Caljouw,,2,0,0,0,0,0,2,0,1,0,0,0,2,0,3,2,1
197,Yonex_All_England_Open,2020-03-12,England,MS,2,0,50,Chinesetaipei,Japan,Wang Tzu Wei,,Kenta Nishimoto,,21,16,21,16,0,0,42,32,2,0,0,0,0,0,2,3,1
198,Yonex_All_England_Open,2020-03-11,England,MS,3,0,65,China,Indonesia,Shi Yu Qi,7,Tommy Sugiarto,,21,17,17,21,21,7,59,45,2,1,2,2,6,4,3,1,1
199,Yonex_All_England_Open,2021-03-19,England,MS,2,0,34,Denmark,Thailand,Viktor Axelsen,2,Sitthikom Thammasin,,21,4,21,15,0,0,42,19,2,0,0,0,0,0,5,0,1
200,Yonex_All_England_Open,2018-03-14,England,MS,3,0,65,India,Chinesetaipei,Prannoy H. S.,,Chou Tien Chen,8,9,21,21,18,21,18,51,57,2,1,4,2,4,5,6,7,1
201,Yonex_All_England_Open,2021-03-18,England,MS,2,0,50,Denmark,India,Anders Antonsen,3,Sameer Verma,,22,20,21,10,0,0,43,30,2,0,0,0,0,0,5,2,1
202,Yonex_All_England_Open,2020-03-12,England,MS,3,0,78,Denmark,China,Anders Antonsen,5,Huang Yu Xiang,,19,21,21,12,21,15,61,48,2,1,0,0,0,0,4,0,1
203,Yonex_All_England_Open,2019-03-06,England,MS,3,0,61,Japan,China,Kanta Tsuneyama,,Lin Dan,,19,21,21,14,21,7,61,42,2,1,4,6,10,4,2,3,1
204,Yonex_All_England_Open,2021-03-21,England,MS,3,0,74,Malaysia,Denmark,Lee Zii Jia,6,Viktor Axelsen,2,30,29,20,22,21,9,71,60,2,1,0,0,0,0,4,7,1
205,Yonex_All_England_Open,2021-03-17,England,MS,3,0,65,Denmark,Japan,Viktor Axelsen,2,Koki Watanabe,,13,21,21,19,21,19,55,59,2,1,0,0,0,0,3,0,1
206,Yonex_All_England_Open,2020-03-12,England,MS,2,0,36,Malaysia,China,Lee Zii Jia,,Lu Guang Zu,,21,10,21,16,0,0,42,26,2,0,0,0,0,0,5,2,1
207,Yonex_All_England_Open,2021-03-20,England,MS,2,0,44,Malaysia,Netherlands,Lee Zii Jia,6,Mark Caljouw,,21,13,21,17,0,0,42,30,2,0,0,0,0,0,5,0,1
208,Yonex_All_England_Open,2021-03-20,England,MS,3,0,67,Denmark,Denmark,Viktor Axelsen,2,Anders Antonsen,3,16,21,21,7,21,17,58,45,2,1,0,0,0,0,6,4,1
209,Siminvest_Indonesia_Open_2021_New_,2021-11-23,Indonesia,MS,2,0,39,Denmark,Thailand,Hans-Kristian Solberg Vittinghus,,Kantaphon Wangcharoen,,21,18,21,12,0,0,42,30,2,0,5,0,9,4,2,2,1
210,Yonex_All_England_Open,2021-03-19,England,MS,3,0,55,Netherlands,India,Mark Caljouw,,Lakshya Sen,,21,17,16,21,21,17,58,55,2,1,0,0,0,0,1,1,1
211,Siminvest_Indonesia_Open_2021_New_,2021-11-23,Indonesia,MS,3,0,50,Indonesia,Thailand,Shesar Hiren Rhustavito,,Sitthikom Thammasin,,21,12,15,21,21,16,57,49,2,1,3,1,7,6,5,0,1
212,Yonex_All_England_Open,2021-03-17,England,MS,3,0,60,Ireland,India,Nhat Nguyen,,Kidambi Srikanth,8,21,11,15,21,21,12,57,44,2,1,0,0,0,0,2,3,1
213,Yonex_All_England_Open,2021-03-19,England,MS,3,0,68,Denmark,Japan,Anders Antonsen,3,Kanta Tsuneyama,,21,16,9,21,21,11,51,48,2,1,0,0,0,0,7,2,1
214,Yonex_All_England_Open,2020-03-11,England,MS,2,0,37,China,Thailand,Lu Guang Zu,,Kantaphon Wangcharoen,,21,16,21,9,0,0,42,25,2,0,5,0,9,3,5,1,1
215,Yonex_All_England_Open,2021-03-17,England,MS,2,0,52,Denmark,Japan,Rasmus Gemke,7,Kenta Nishimoto,,21,13,21,14,0,0,42,27,2,0,3,0,7,3,5,4,1
216,Yonex_All_England_Open,2020-03-12,England,MS,2,0,45,China,China,Chen Long,3,Lin Dan,,21,17,21,8,0,0,42,25,2,0,0,0,0,0,10,8,1
217,Siminvest_Indonesia_Open_2021_New_,2021-11-24,Indonesia,MS,2,0,49,France,Indonesia,Christo Popov,,Anthony Sinisuka Ginting,5,21,17,21,18,0,0,42,35,2,0,2,0,4,4,1,2,1
218,Siminvest_Indonesia_Open_2021_New_,2021-11-23,Indonesia,MS,2,0,54,Japan,India,Kento Momota,1,Lakshya Sen,,23,21,21,15,0,0,44,36,2,0,4,1,7,4,2,1,1
219,Yonex_All_England_Open,2019-03-06,England,MS,2,0,40,Malaysia,Thailand,Liew Daren,,Suppanyu Avihingsanon,,21,13,21,17,0,0,42,30,2,0,2,0,6,4,3,0,1
220,Siminvest_Indonesia_Open_2021_New_,2021-11-25,Indonesia,MS,3,0,69,Singapore,Japan,Loh Kean Yew,,Kento Momota,1,21,7,17,21,21,19,59,47,2,1,2,1,6,8,1,2,1
221,Yonex_All_England_Open,2021-03-17,England,MS,2,0,30,India,Malaysia,Prannoy H. S.,,Liew Daren,,21,10,21,10,0,0,42,20,2,0,4,0,7,4,8,4,1
222,Siminvest_Indonesia_Open_2021_New_,2021-11-26,Indonesia,MS,2,0,25,Singapore,Denmark,Loh Kean Yew,,Hans-Kristian Solberg Vittinghus,,21,9,21,4,0,0,42,13,2,0,2,0,10,2,2,0,1
223,Yonex_All_England_Open,2018-03-14,England,MS,3,0,57,Korea,Denmark,Lee Dong Keun,,Jan O Jorgensen,,13,21,21,10,21,17,55,48,2,1,3,1,7,7,2,9,1
224,Siminvest_Indonesia_Open_2021_New_,2021-11-25,Indonesia,MS,2,0,37,Denmark,India,Viktor Axelsen,2,Kidambi Srikanth,,21,14,21,18,0,0,42,32,2,0,2,0,5,5,11,3,1
225,Siminvest_Indonesia_Open_2021_New_,2021-11-24,Indonesia,MS,2,0,43,Denmark,Japan,Viktor Axelsen,2,Koki Watanabe,,21,14,21,14,0,0,42,28,2,0,2,0,9,4,3,0,1
226,Siminvest_Indonesia_Open_2021_New_,2021-11-26,Indonesia,MS,2,0,36,Denmark,India,Viktor Axelsen,2,Sai Praneeth B.,,21,12,21,8,0,0,42,20,2,0,5,0,7,3,7,1,1
227,Yonex_All_England_Open,2021-03-18,England,MS,2,0,53,India,France,Lakshya Sen,,Thomas Rouxel,,21,18,21,17,0,0,42,35,2,0,0,0,0,0,3,0,1
228,Yonex_All_England_Open,2021-03-18,England,MS,2,0,38,Netherlands,Ireland,Mark Caljouw,,Nhat Nguyen,,21,18,21,7,0,0,42,25,2,0,0,0,0,0,5,1,1
229,Yonex_All_England_Open,2020-03-11,England,MS,3,0,62,Chinesetaipei,Thailand,Wang Tzu Wei,,Khosit Phetpradab,,21,14,15,21,21,8,57,43,2,1,3,1,12,5,4,4,1
230,Yonex_All_England_Open,2019-03-06,England,MS,2,0,30,India,France,Kidambi Srikanth,7,Brice Leverdez,,21,13,21,11,0,0,42,24,2,0,2,0,7,3,5,1,1
231,Siminvest_Indonesia_Open_2021_New_,2021-11-23,Indonesia,MS,2,0,35,Chinesetaipei,Hongkong,Chou Tien Chen,4,Lee Cheuk Yiu,,21,12,21,14,0,0,42,26,2,0,2,0,10,3,9,4,1
232,Yonex_All_England_Open,2021-03-18,England,MS,3,0,77,Japan,Denmark,Kanta Tsuneyama,,Rasmus Gemke,7,21,15,18,21,21,14,60,50,2,1,0,0,0,0,2,0,1
233,Yonex_All_England_Open,2021-03-17,England,MS,2,0,36,Denmark,Israel,Hans-Kristian Solberg Vittinghus,,Misha Zilberman,,21,16,21,19,0,0,42,35,2,0,0,0,0,0,5,0,1
234,Siminvest_Indonesia_Open_2021_New_,2021-11-27,Indonesia,MS,2,0,54,Denmark,Indonesia,Viktor Axelsen,2,Jonatan Christie,6,21,19,21,15,0,0,42,34,2,0,2,0,5,5,10,2,1
235,Yonex_All_England_Open,2021-03-18,England,MS,3,0,52,Denmark,India,Viktor Axelsen,2,Sai Praneeth B.,,15,21,21,12,21,12,57,45,2,1,0,0,0,0,7,1,1
236,Siminvest_Indonesia_Open_2021_New_,2021-11-26,Indonesia,MS,2,0,64,Denmark,Japan,Rasmus Gemke,,Kenta Nishimoto,,21,18,21,17,0,0,42,35,2,0,2,0,5,5,5,4,1
237,Siminvest_Indonesia_Open_2021_New_,2021-11-27,Indonesia,MS,2,0,42,Singapore,Denmark,Loh Kean Yew,,Rasmus Gemke,,21,14,21,7,0,0,42,21,2,0,2,0,5,3,2,0,1
238,Yonex_All_England_Open,2021-03-18,England,MS,2,0,35,Malaysia,Denmark,Lee Zii Jia,6,Hans-Kristian Solberg Vittinghus,,21,12,21,13,0,0,42,25,2,0,0,0,0,0,3,0,1
239,Siminvest_Indonesia_Open_2021_New_,2021-11-25,Indonesia,MS,1,1,23,Denmark,Indonesia,Rasmus Gemke,,Shesar Hiren Rhustavito,,21,12,0,0,0,0,21,12,1,0,1,0,7,3,2,1,1
240,Siminvest_Indonesia_Open_2021_New_,2021-11-23,Indonesia,MS,2,0,44,Japan,France,Kenta Nishimoto,,Thomas Rouxel,,21,13,21,13,0,0,42,26,2,0,2,0,6,4,2,0,1
241,Yonex_All_England_Open,2021-03-17,England,MS,2,0,28,Malaysia,Canada,Lee Zii Jia,6,Brian Yang,,21,13,21,10,0,0,42,23,2,0,0,0,0,0,5,1,1
242,Siminvest_Indonesia_Open_2021_New_,2021-11-24,Indonesia,MS,2,0,35,Indonesia,Malaysia,Jonatan Christie,6,Liew Daren,,21,14,21,15,0,0,42,29,2,0,2,0,5,4,4,1,1
243,Yonex_All_England_Open,2019-03-06,England,MS,1,1,42,Japan,Korea,Kenta Nishimoto,,Son Wan Ho,5,23,21,0,0,0,0,23,21,1,0,3,0,6,4,3,6,1
244,Siminvest_Indonesia_Open_2021_New_,2021-11-25,Indonesia,MS,3,0,82,Denmark,Chinesetaipei,Anders Antonsen,3,Wang Tzu Wei,,18,21,21,13,21,14,60,48,2,1,3,1,7,4,3,3,1
245,Siminvest_Indonesia_Open_2021_New_,2021-11-28,Indonesia,MS,3,0,59,Denmark,Singapore,Viktor Axelsen,2,Loh Kean Yew,,21,13,9,21,21,13,51,47,2,1,5,1,8,4,9,2,1
246,Siminvest_Indonesia_Open_2021_New_,2021-11-25,Indonesia,MS,2,0,35,Indonesia,Indonesia,Jonatan Christie,6,Chico Aura Dwi Wardoyo,,21,11,21,12,0,0,42,23,2,0,5,0,8,3,4,0,1
247,Siminvest_Indonesia_Open_2021_New_,2021-11-24,Indonesia,MS,2,0,40,Chinesetaipei,Indonesia,Wang Tzu Wei,,Tommy Sugiarto,,21,17,21,17,0,0,42,34,2,0,3,0,8,5,2,0,1
248,Yonex_All_England_Open,2020-03-11,England,MS,3,0,66,Japan,Korea,Kanta Tsuneyama,,Heo Kwang Hee,,21,17,16,21,21,15,58,53,2,1,2,3,9,5,2,0,1
249,Yonex_All_England_Open,2022-03-17,England,MS,2,0,55,India,Denmark,Lakshya Sen,,Anders Antonsen,3,21,16,21,18,0,0,42,34,2,0,4,0,5,6,2,4,1
250,Siminvest_Indonesia_Open_2021_New_,2021-11-25,Indonesia,MS,3,0,83,India,France,Sai Praneeth B.,,Christo Popov,,21,17,14,21,21,19,56,57,2,1,2,1,4,7,1,2,1
251,Yonex_All_England_Open,2022-03-16,England,MS,2,0,43,Chinesetaipei,Indonesia,Chou Tien Chen,4,Shesar Hiren Rhustavito,,21,10,21,19,0,0,42,29,2,0,2,0,9,6,5,0,1
252,Siminvest_Indonesia_Open_2021_New_,2021-11-23,Indonesia,MS,3,0,67,Denmark,Malaysia,Rasmus Gemke,,Lee Zii Jia,7,13,21,25,23,21,16,59,60,2,1,4,3,7,5,4,0,1
253,Yonex_All_England_Open,2022-03-18,England,MS,3,0,64,Malaysia,Japan,Lee Zii Jia,6,Kento Momota,2,21,7,13,21,21,11,55,39,2,1,2,1,10,10,4,8,1
254,Siminvest_Indonesia_Open_2021_New_,2021-11-23,Indonesia,MS,3,0,68,Japan,Hongkong,Kanta Tsuneyama,,Ng Ka Long Angus,8,22,20,13,21,21,19,56,60,2,1,4,8,7,6,2,5,1
255,Yonex_All_England_Open,2022-03-16,England,MS,2,0,48,Denmark,India,Viktor Axelsen,1,Sai Praneeth B.,,22,20,21,11,0,0,43,31,2,0,5,0,7,4,7,1,1
256,Yonex_All_England_Open,2022-03-18,England,MS,2,0,34,Denmark,Indonesia,Viktor Axelsen,1,Anthony Sinisuka Ginting,5,21,4,21,9,0,0,42,13,2,0,2,0,14,2,13,5,1
257,Yonex_All_England_Open,2022-03-17,England,MS,2,0,45,Malaysia,Canada,Lee Zii Jia,6,Brian Yang,,26,24,21,11,0,0,47,35,2,0,7,1,8,4,5,1,1
258,Yonex_All_England_Open,2022-03-18,England,MS,2,0,36,Chinesetaipei,Indonesia,Chou Tien Chen,4,Jonatan Christie,7,21,10,21,15,0,0,42,25,2,0,3,0,7,4,7,9,1
259,Yonex_All_England_Open,2020-03-11,England,MS,3,0,64,China,Thailand,Lin Dan,,Kunlavut Vitidsarn,,13,21,22,20,21,10,56,51,2,1,4,3,6,4,2,0,1
260,Yonex_All_England_Open,2022-03-19,England,MS,3,0,76,India,Malaysia,Lakshya Sen,,Lee Zii Jia,6,21,13,12,21,21,19,54,53,2,1,3,2,6,6,4,2,1
261,Yonex_All_England_Open,2019-03-06,England,MS,2,0,50,Denmark,China,Rasmus Gemke,,Chen Long,4,21,15,21,17,0,0,42,32,2,0,3,0,5,4,1,1,1
262,Siminvest_Indonesia_Open_2021_New_,2021-11-23,Indonesia,MS,2,0,32,Singapore,India,Loh Kean Yew,,Parupalli Kashyap,,21,11,21,14,0,0,42,25,2,0,2,0,9,5,3,0,1
263,Yonex_All_England_Open,2022-03-17,England,MS,2,0,46,Indonesia,Thailand,Jonatan Christie,7,Kunlavut Vitidsarn,,21,16,21,19,0,0,42,35,2,0,4,0,7,4,6,3,1
264,Yonex_All_England_Open,2022-03-16,England,MS,3,0,74,Denmark,Singapore,Anders Antonsen,3,Loh Kean Yew,,21,15,18,21,21,13,60,49,2,1,6,4,6,6,2,4,1
265,Siminvest_Indonesia_Open_2021_New_,2021-11-24,Indonesia,MS,2,0,31,Indonesia,Indonesia,Chico Aura Dwi Wardoyo,,Henrikho Wibowo Kho,,21,11,21,18,0,0,42,29,2,0,2,0,6,3,1,0,1
266,Yonex_All_England_Open,2019-03-06,England,MS,3,0,68,Thailand,Chinesetaipei,Kantaphon Wangcharoen,,Wang Tzu Wei,,23,21,14,21,22,20,59,62,2,1,5,2,3,9,2,4,1
267,Yonex_All_England_Open,2021-03-17,England,MS,2,0,46,Denmark,France,Anders Antonsen,3,Brice Leverdez,,21,14,21,18,0,0,42,32,2,0,0,0,0,0,5,0,1
268,Yonex_All_England_Open,2022-03-19,England,MS,2,0,48,Denmark,Chinesetaipei,Viktor Axelsen,1,Chou Tien Chen,4,21,13,21,15,0,0,42,28,2,0,2,0,7,4,19,4,1
269,Yonex_All_England_Open,2020-03-11,England,MS,2,0,38,Chinesetaipei,Netherlands,Chou Tien Chen,1,Mark Caljouw,,21,19,21,17,0,0,42,36,2,0,2,0,6,6,3,0,1
270,Yonex_All_England_Open,2021-03-17,England,MS,2,0,34,India,Brazil,Sameer Verma,,Ygor Coelho,,21,11,21,19,0,0,42,30,2,0,0,0,0,0,3,0,1
271,Siminvest_Indonesia_Open_2021_New_,2021-11-24,Indonesia,MS,2,0,46,India,France,Sai Praneeth B.,,Toma Junior Popov,,21,19,21,18,0,0,42,37,2,0,7,0,5,4,2,0,1
272,Siminvest_Indonesia_Open_2021_New_,2021-11-25,Indonesia,MS,3,0,76,Japan,Chinesetaipei,Kenta Nishimoto,,Chou Tien Chen,4,18,21,21,15,21,11,60,47,2,1,3,1,7,5,5,9,1
273,Yonex_All_England_Open,2022-03-16,England,MS,2,0,39,Malaysia,France,Liew Daren,,Toma Junior Popov,,21,15,21,19,0,0,42,34,2,0,3,0,8,7,3,0,1
274,Yonex_All_England_Open,2022-03-20,England,MS,2,0,53,Denmark,India,Viktor Axelsen,1,Lakshya Sen,,21,10,21,15,0,0,42,25,2,0,6,0,6,3,8,1,1
275,Siminvest_Indonesia_Open_2021_New_,2021-11-24,Indonesia,MS,3,0,56,India,India,Kidambi Srikanth,,Prannoy H. S.,,21,15,19,21,21,12,61,48,2,1,3,1,4,4,6,3,1
276,Siminvest_Indonesia_Open_2021_New_,2021-11-24,Indonesia,MS,3,0,79,Denmark,Thailand,Anders Antonsen,3,Kunlavut Vitidsarn,,21,15,17,21,21,17,59,53,2,1,4,1,5,9,5,1,1
277,Yonex_All_England_Open,2022-03-17,England,MS,3,0,62,Indonesia,India,Anthony Sinisuka Ginting,5,Kidambi Srikanth,,9,21,21,18,21,19,51,58,2,1,3,1,6,5,5,2,1
278,East_Ventures_Indonesia_Open,2022-06-16,Indonesia,MS,2,0,41,Malaysia,India,Lee Zii Jia,6,Sameer Verma,,21,10,21,13,0,0,42,23,2,0,4,0,5,3,5,2,1
279,Siminvest_Indonesia_Open_2021_New_,2021-11-25,Indonesia,MS,3,0,54,Denmark,Japan,Hans-Kristian Solberg Vittinghus,,Kanta Tsuneyama,,10,21,21,18,21,13,52,52,2,1,6,1,6,4,5,0,1
280,Yonex_All_England_Open,2022-03-17,England,MS,3,0,58,Chinesetaipei,Malaysia,Chou Tien Chen,4,Liew Daren,,18,21,21,13,21,9,60,43,2,1,3,1,9,6,5,1,1
281,East_Ventures_Indonesia_Open,2022-06-17,Indonesia,MS,3,0,65,Malaysia,Singapore,Lee Zii Jia,6,Loh Kean Yew,,21,18,16,21,22,20,59,59,2,1,2,3,5,6,6,2,1
282,East_Ventures_Indonesia_Open,2022-06-15,Indonesia,MS,3,0,74,Chinesetaipei,Thailand,Chou Tien Chen,4,Kunlavut Vitidsarn,,22,20,19,21,21,12,62,53,2,1,2,2,7,4,2,2,1
283,East_Ventures_Indonesia_Open,2022-06-16,Indonesia,MS,2,0,45,Denmark,China,Viktor Axelsen,1,Lu Guang Zu,,21,17,21,9,0,0,42,26,2,0,3,0,7,5,7,0,1
284,East_Ventures_Indonesia_Open,2022-06-17,Indonesia,MS,3,0,67,Denmark,Indonesia,Viktor Axelsen,1,Anthony Sinisuka Ginting,5,21,13,19,21,21,9,61,43,2,1,2,2,6,5,13,5,1
285,Yonex_All_England_Open,2021-03-17,England,MS,2,0,28,Netherlands,Thailand,Mark Caljouw,,Khosit Phetpradab,,21,7,21,7,0,0,42,14,2,0,2,0,8,2,3,1,1
286,East_Ventures_Indonesia_Open,2022-06-16,Indonesia,MS,2,0,36,Indonesia,Denmark,Anthony Sinisuka Ginting,5,Hans-Kristian Solberg Vittinghus,,21,17,21,9,0,0,42,26,2,0,3,0,5,6,2,1,1
287,East_Ventures_Indonesia_Open,2022-06-17,Indonesia,MS,2,0,40,India,Denmark,Prannoy H. S.,,Rasmus Gemke,,21,14,21,12,0,0,42,26,2,0,2,0,8,3,3,2,1
288,Yonex_All_England_Open,2022-03-16,England,MS,2,0,41,Netherlands,India,Mark Caljouw,,Sameer Verma,,21,18,21,11,0,0,42,29,2,0,2,0,4,4,2,0,1
289,East_Ventures_Indonesia_Open,2022-06-19,Indonesia,MS,2,0,38,Denmark,China,Viktor Axelsen,1,Zhao Jun Peng,,21,9,21,10,0,0,42,19,2,0,7,0,7,4,5,1,1
290,East_Ventures_Indonesia_Open,2022-06-15,Indonesia,MS,2,0,42,Indonesia,Thailand,Jonatan Christie,7,Kantaphon Wangcharoen,,22,20,21,8,0,0,43,28,2,0,4,1,5,6,3,0,1
291,East_Ventures_Indonesia_Open,2022-06-18,Indonesia,MS,3,0,70,Denmark,Malaysia,Viktor Axelsen,1,Lee Zii Jia,6,19,21,21,11,23,21,63,53,2,1,6,3,7,5,7,4,1
292,East_Ventures_Indonesia_Open,2022-06-14,Indonesia,MS,2,0,32,Denmark,Japan,Viktor Axelsen,1,Kanta Tsuneyama,,21,8,21,4,0,0,42,12,2,0,2,0,7,6,6,1,1
293,Yonex_All_England_Open,2022-03-17,England,MS,2,0,37,Denmark,Netherlands,Viktor Axelsen,1,Mark Caljouw,,21,14,21,13,0,0,42,27,2,0,6,0,10,5,5,0,1
294,East_Ventures_Indonesia_Open,2022-06-16,Indonesia,MS,2,0,41,India,Hongkong,Prannoy H. S.,,Ng Ka Long Angus,,21,11,21,18,0,0,42,29,2,0,4,0,5,4,6,7,1
295,Yonex_All_England_Open,2021-03-17,England,MS,2,0,42,Thailand,Spain,Sitthikom Thammasin,,Pablo Abian,,21,15,21,12,0,0,42,27,2,0,3,0,6,4,1,0,1
296,East_Ventures_Indonesia_Open,2022-06-15,Indonesia,MS,3,0,82,Denmark,Japan,Rasmus Gemke,,Kento Momota,2,21,19,19,21,21,14,61,54,2,1,4,6,8,5,2,6,1
297,East_Ventures_Indonesia_Open,2022-06-18,Indonesia,MS,2,0,40,China,India,Zhao Jun Peng,,Prannoy H. S.,,21,16,21,15,0,0,42,31,2,0,6,0,5,4,2,1,1
298,Petronas_Malaysia_Open,2023-01-10,Malaysia,MS,2,0,42,Japan,India,Kenta Nishimoto,,Kidambi Srikanth,,21,19,21,14,0,0,42,33,2,0,4,0,5,4,4,6,1
299,East_Ventures_Indonesia_Open,2022-06-15,Indonesia,MS,2,0,30,China,Netherlands,Zhao Jun Peng,,Mark Caljouw,,21,11,21,11,0,0,42,22,2,0,2,0,7,4,1,0,1
300,East_Ventures_Indonesia_Open,2022-06-14,Indonesia,MS,2,0,45,India,France,Sameer Verma,,Thomas Rouxel,,21,19,21,15,0,0,42,34,2,0,7,0,7,5,3,0,1
301,East_Ventures_Indonesia_Open,2022-06-16,Indonesia,MS,2,0,48,Denmark,France,Rasmus Gemke,,Brice Leverdez,,21,12,21,15,0,0,42,27,2,0,2,0,9,4,3,1,1
302,East_Ventures_Indonesia_Open,2022-06-17,Indonesia,MS,3,0,59,China,Hongkong,Zhao Jun Peng,,Lee Cheuk Yiu,,21,14,17,21,21,11,59,46,2,1,3,4,6,5,4,2,1
303,Petronas_Malaysia_Open,2023-01-10,Malaysia,MS,3,0,65,Indonesia,Hongkong,Anthony Sinisuka Ginting,6,Ng Ka Long Angus,,17,21,21,18,21,12,59,51,2,1,2,2,5,6,7,7,1
304,Yonex_All_England_Open,2021-03-17,England,MS,2,0,49,India,Thailand,Lakshya Sen,,Kantaphon Wangcharoen,,21,18,21,12,0,0,42,30,2,0,3,0,9,5,4,2,1
305,East_Ventures_Indonesia_Open,2022-06-14,Indonesia,MS,2,0,57,France,Ireland,Toma Junior Popov,,Nhat Nguyen,,21,15,21,15,0,0,42,30,2,0,3,0,7,4,7,2,1
306,Yonex_All_England_Open,2022-03-17,England,MS,2,0,42,Japan,Korea,Kento Momota,2,Heo Kwang Hee,,21,16,21,12,0,0,42,28,2,0,2,0,4,3,4,3,1
307,Petronas_Malaysia_Open,2023-01-11,Malaysia,MS,2,0,51,Singapore,China,Loh Kean Yew,3,Li Shi Feng,,21,19,23,21,0,0,44,40,2,0,4,1,8,4,5,2,1
308,East_Ventures_Indonesia_Open,2022-06-14,Indonesia,MS,2,0,41,Malaysia,Thailand,Lee Zii Jia,6,Sitthikom Thammasin,,21,15,21,14,0,0,42,29,2,0,2,0,5,3,6,0,1
309,East_Ventures_Indonesia_Open,2022-06-16,Indonesia,MS,2,0,37,Singapore,France,Loh Kean Yew,,Toma Junior Popov,,21,16,21,9,0,0,42,25,2,0,3,0,7,4,5,0,1
310,East_Ventures_Indonesia_Open,2022-06-14,Indonesia,MS,2,0,47,Indonesia,Indonesia,Anthony Sinisuka Ginting,5,Tommy Sugiarto,,21,17,22,20,0,0,43,37,2,0,5,0,5,3,3,3,1
311,Petronas_Malaysia_Open,2023-01-10,Malaysia,MS,3,0,79,Chinesetaipei,China,Chou Tien Chen,4,Shi Yu Qi,,21,23,24,22,21,18,66,63,2,1,3,6,5,5,5,8,1
312,Petronas_Malaysia_Open,2023-01-12,Malaysia,MS,2,0,39,Singapore,China,Loh Kean Yew,3,Zhao Jun Peng,,21,15,21,8,0,0,42,23,2,0,3,0,7,3,4,2,1
313,Petronas_Malaysia_Open,2023-01-12,Malaysia,MS,2,0,52,Japan,Indonesia,Kenta Nishimoto,,Jonatan Christie,5,21,15,21,17,0,0,42,32,2,0,2,0,4,5,8,9,1
314,East_Ventures_Indonesia_Open,2022-06-15,Indonesia,MS,3,0,60,Hongkong,Indonesia,Ng Ka Long Angus,,Shesar Hiren Rhustavito,,21,17,11,21,21,16,53,54,2,1,2,1,6,5,3,1,1
315,Petronas_Malaysia_Open,2023-01-11,Malaysia,MS,3,0,73,Japan,Malaysia,Kodai Naraoka,,Lee Zii Jia,2,13,21,21,17,21,19,55,57,2,1,3,1,4,6,3,3,1
316,Yonex_All_England_Open,2022-03-17,England,MS,2,0,38,China,Hongkong,Lu Guang Zu,,Ng Ka Long Angus,8,21,10,21,11,0,0,42,21,2,0,2,0,6,4,2,1,1
317,Petronas_Malaysia_Open,2023-01-10,Malaysia,MS,3,0,59,Malaysia,France,Liew Daren,,Toma Junior Popov,,21,15,14,21,21,17,56,53,2,1,3,3,4,4,3,0,1
318,Petronas_Malaysia_Open,2023-01-12,Malaysia,MS,3,0,64,India,Indonesia,Prannoy H. S.,,Chico Aura Dwi Wardoyo,,21,9,15,21,21,16,57,46,2,1,4,2,10,5,2,1,1
319,East_Ventures_Indonesia_Open,2022-06-16,Indonesia,MS,3,0,65,China,Indonesia,Zhao Jun Peng,,Jonatan Christie,7,21,12,18,21,21,14,60,47,2,1,4,1,7,6,3,3,1
320,Yonex_All_England_Open,2022-03-16,England,MS,2,0,56,Thailand,India,Kunlavut Vitidsarn,,Prannoy H. S.,,21,15,24,22,0,0,45,37,2,0,4,2,6,5,3,0,1
321,Petronas_Malaysia_Open,2023-01-10,Malaysia,MS,2,0,36,Indonesia,Chinesetaipei,Jonatan Christie,5,Wang Tzu Wei,,21,19,21,13,0,0,42,32,2,0,2,0,9,6,7,8,1
322,Petronas_Malaysia_Open,2023-01-11,Malaysia,MS,3,0,76,Thailand,Indonesia,Kunlavut Vitidsarn,8,Shesar Hiren Rhustavito,,21,23,21,19,24,22,66,64,2,1,8,2,4,5,3,1,1
323,Yonex_All_England_Open,2022-03-16,England,MS,3,0,60,Indonesia,France,Jonatan Christie,7,Brice Leverdez,,21,9,16,21,21,17,58,47,2,1,3,2,6,5,3,1,1
324,East_Ventures_Indonesia_Open,2022-06-14,Indonesia,MS,2,0,45,Denmark,India,Hans-Kristian Solberg Vittinghus,,Sai Praneeth B.,,21,16,21,19,0,0,42,35,2,0,3,0,5,4,4,1,1
325,East_Ventures_Indonesia_Open,2022-06-15,Indonesia,MS,2,0,42,France,India,Brice Leverdez,,Kidambi Srikanth,,23,21,21,10,0,0,44,31,2,0,3,2,4,3,1,5,1
326,East_Ventures_Indonesia_Open,2022-06-14,Indonesia,MS,2,0,42,Singapore,Korea,Loh Kean Yew,,Heo Kwang Hee,,21,12,23,21,0,0,44,33,2,0,3,6,8,4,3,0,1
327,Petronas_Malaysia_Open,2023-01-11,Malaysia,MS,3,0,65,Indonesia,Denmark,Chico Aura Dwi Wardoyo,,Hans-Kristian Solberg Vittinghus,,21,11,16,21,25,23,62,55,2,1,4,3,5,4,1,0,1
328,Petronas_Malaysia_Open,2023-01-10,Malaysia,MS,3,0,52,Japan,Hongkong,Kanta Tsuneyama,,Lee Cheuk Yiu,,3,21,21,5,23,21,47,47,2,1,2,6,6,8,6,0,1
329,East_Ventures_Indonesia_Open,2022-06-15,Indonesia,MS,2,0,45,Hongkong,Malaysia,Lee Cheuk Yiu,,Liew Daren,,21,19,21,18,0,0,42,37,2,0,3,0,7,6,7,0,1
330,Yonex_All_England_Open,2020-03-11,England,MS,2,0,33,China,India,Zhao Jun Peng,,Sai Praneeth B.,,21,12,21,13,0,0,42,25,2,0,0,0,0,0,2,0,1
331,Petronas_Malaysia_Open,2023-01-11,Malaysia,MS,2,0,35,Malaysia,Ireland,Ng Tze Yong,,Nhat Nguyen,,21,4,21,10,0,0,42,14,2,0,2,0,10,4,3,1,1
332,Petronas_Malaysia_Open,2023-01-13,Malaysia,MS,2,0,50,Japan,Indonesia,Kanta Tsuneyama,,Anthony Sinisuka Ginting,6,21,14,21,16,0,0,42,30,2,0,6,0,9,3,5,5,1
333,Petronas_Malaysia_Open,2023-01-12,Malaysia,MS,3,0,72,Indonesia,Denmark,Anthony Sinisuka Ginting,6,Anders Antonsen,,21,14,17,21,21,17,59,52,2,1,2,1,6,4,7,2,1
334,East_Ventures_Indonesia_Open,2022-06-14,Indonesia,MS,2,0,57,China,Japan,Lu Guang Zu,,Kenta Nishimoto,,21,18,21,13,0,0,42,31,2,0,2,0,7,5,1,4,1
335,Petronas_Malaysia_Open,2023-01-13,Malaysia,MS,2,0,38,Denmark,Japan,Viktor Axelsen,1,Kenta Nishimoto,,21,6,21,12,0,0,42,18,2,0,2,0,10,3,7,1,1
336,Petronas_Malaysia_Open,2023-01-12,Malaysia,MS,3,0,92,Japan,Malaysia,Kodai Naraoka,,Ng Tze Yong,,15,21,21,19,21,15,57,55,2,1,2,1,6,5,2,0,1
337,Yonex_All_England_Open,2021-03-17,England,MS,2,0,54,India,France,Sai Praneeth B.,,Toma Junior Popov,,21,18,22,20,0,0,43,38,2,0,0,0,0,0,2,0,1
338,Petronas_Malaysia_Open,2023-01-11,Malaysia,MS,3,0,59,Thailand,Canada,Kantaphon Wangcharoen,,Brian Yang,,21,16,17,21,21,13,59,50,2,1,2,1,5,4,3,1,1
339,East_Ventures_Indonesia_Open,2022-06-15,Indonesia,MS,2,0,34,India,India,Prannoy H. S.,,Lakshya Sen,8,21,10,21,9,0,0,42,19,2,0,3,0,7,3,3,5,1
340,East_Ventures_Indonesia_Open,2022-06-16,Indonesia,MS,2,0,49,Hongkong,Chinesetaipei,Lee Cheuk Yiu,,Chou Tien Chen,4,21,18,21,13,0,0,42,31,2,0,2,0,7,4,4,9,1
341,Petronas_Malaysia_Open,2023-01-13,Malaysia,MS,3,0,80,Thailand,Singapore,Kunlavut Vitidsarn,8,Loh Kean Yew,3,21,11,20,22,21,14,62,47,2,1,3,2,7,5,5,1,1
342,Petronas_Malaysia_Open,2023-01-13,Malaysia,MS,3,0,84,Japan,India,Kodai Naraoka,,Prannoy H. S.,,21,16,19,21,21,10,61,47,2,1,5,2,7,5,6,1,1
343,Petronas_Malaysia_Open,2023-01-15,Malaysia,MS,2,0,40,Denmark,Japan,Viktor Axelsen,1,Kodai Naraoka,,21,6,21,15,0,0,42,21,2,0,4,0,9,4,6,1,1
344,Petronas_Malaysia_Open,2023-01-14,Malaysia,MS,3,0,113,Japan,Thailand,Kodai Naraoka,,Kunlavut Vitidsarn,8,21,17,19,21,21,17,61,55,2,1,2,3,5,5,5,6,1
345,Yonex_All_England_Open,2023-03-15,England,MS,2,0,33,Malaysia,Thailand,Lee Zii Jia,4,Sitthikom Thammasin,,21,12,21,15,0,0,42,27,2,0,4,0,6,5,6,0,1
346,Petronas_Malaysia_Open,2023-01-12,Malaysia,MS,2,0,59,Japan,Chinesetaipei,Kanta Tsuneyama,,Chou Tien Chen,4,23,21,21,19,0,0,44,40,2,0,7,0,6,4,3,7,1
347,Petronas_Malaysia_Open,2023-01-14,Malaysia,MS,2,0,46,Denmark,Japan,Viktor Axelsen,1,Kanta Tsuneyama,,21,7,21,15,0,0,42,22,2,0,8,0,11,5,6,1,1
348,Yonex_All_England_Open,2023-03-14,England,MS,2,0,51,Indonesia,Thailand,Anthony Sinisuka Ginting,3,Kantaphon Wangcharoen,,21,17,21,19,0,0,42,36,2,0,7,0,7,4,7,4,1
349,Yonex_All_England_Open,2020-03-11,England,MS,1,1,1,Indonesia,India,Shesar Hiren Rhustavito,,Parupalli Kashyap,,3,0,0,0,0,0,3,0,1,0,0,0,0,0,1,0,1
350,Yonex_All_England_Open,2020-03-11,England,MS,2,0,43,Denmark,Indonesia,Rasmus Gemke,,Anthony Sinisuka Ginting,4,21,14,21,18,0,0,42,32,2,0,0,0,0,0,1,1,1
351,Yonex_All_England_Open,2023-03-14,England,MS,2,0,49,India,Chinesetaipei,Lakshya Sen,,Chou Tien Chen,5,21,18,21,19,0,0,42,37,2,0,3,0,5,5,2,3,1
352,Yonex_All_England_Open,2020-03-11,England,MS,2,0,40,Denmark,Thailand,Viktor Axelsen,2,Sitthikom Thammasin,,21,15,21,13,0,0,42,28,2,0,0,0,0,0,5,0,1
353,Petronas_Malaysia_Open,2023-01-10,Malaysia,MS,3,0,75,Denmark,China,Anders Antonsen,,Weng Hong Yang,,8,21,22,20,21,19,51,60,2,1,3,4,4,7,4,0,1
354,Yonex_All_England_Open,2023-03-15,England,MS,2,0,61,Thailand,Japan,Kunlavut Vitidsarn,6,Kento Momota,,23,21,21,15,0,0,44,36,2,0,5,2,5,3,1,2,1
355,Petronas_Malaysia_Open,2023-01-11,Malaysia,MS,2,0,46,China,China,Zhao Jun Peng,,Lu Guang Zu,,21,17,21,16,0,0,42,33,2,0,2,0,5,5,1,3,1
356,Yonex_All_England_Open,2023-03-18,England,MS,2,0,43,China,Malaysia,Shi Yu Qi,,Lee Zii Jia,4,21,19,21,13,0,0,42,32,2,0,2,0,5,4,5,1,1
357,Yonex_All_England_Open,2023-03-16,England,MS,3,0,69,Malaysia,Denmark,Ng Tze Yong,,Viktor Axelsen,1,21,15,9,21,23,21,53,57,2,1,2,3,6,10,1,1,1
358,Yonex_All_England_Open,2020-03-11,England,MS,3,0,59,India,Hongkong,Lakshya Sen,,Lee Cheuk Yiu,,17,21,21,8,21,17,59,46,2,1,0,0,0,0,2,2,1
359,Yonex_All_England_Open,2023-03-17,England,MS,3,0,73,Denmark,Indonesia,Anders Antonsen,,Anthony Sinisuka Ginting,3,21,14,9,21,21,17,51,52,2,1,4,1,6,6,2,7,1
360,Yonex_All_England_Open,2023-03-14,England,MS,3,0,60,Denmark,Hongkong,Viktor Axelsen,1,Lee Cheuk Yiu,,19,21,21,15,21,11,61,47,2,1,2,2,5,5,6,1,1
361,Petronas_Malaysia_Open,2023-01-11,Malaysia,MS,3,0,61,India,India,Prannoy H. S.,,Lakshya Sen,7,22,24,21,12,21,18,64,54,2,1,6,2,5,4,3,5,1
362,Yonex_All_England_Open,2023-03-16,England,MS,3,0,68,Indonesia,India,Anthony Sinisuka Ginting,3,Prannoy H. S.,,22,20,15,21,21,17,58,58,2,1,4,5,5,4,2,4,1
363,Petronas_Malaysia_Open,2023-01-12,Malaysia,MS,2,0,57,Thailand,Thailand,Kunlavut Vitidsarn,8,Kantaphon Wangcharoen,,21,14,21,17,0,0,42,31,2,0,3,0,5,5,2,2,1
364,Petronas_Malaysia_Open,2023-01-10,Malaysia,MS,3,0,65,Denmark,Denmark,Viktor Axelsen,1,Rasmus Gemke,,17,21,21,14,21,12,59,47,2,1,5,1,9,4,7,0,1
365,Yonex_All_England_Open,2023-03-17,England,MS,2,0,41,China,Malaysia,Li Shi Feng,,Ng Tze Yong,,21,11,21,11,0,0,42,22,2,0,6,0,8,4,6,0,1
366,Yonex_All_England_Open,2023-03-18,England,MS,3,0,95,China,Denmark,Li Shi Feng,,Anders Antonsen,,21,11,19,21,21,18,61,50,2,1,2,2,6,5,2,1,1
367,Yonex_All_England_Open,2023-03-16,England,MS,2,0,40,Malaysia,Japan,Lee Zii Jia,4,Kenta Nishimoto,,21,15,21,10,0,0,42,25,2,0,3,0,6,4,9,3,1
368,Yonex_All_England_Open,2023-03-14,England,MS,3,0,58,China,Singapore,Zhao Jun Peng,,Loh Kean Yew,8,21,16,16,21,21,7,58,44,2,1,2,1,6,6,2,4,1
369,Kapal_Api_Group_Indonesia_Open,2023-06-13,Indonesia,MS,3,0,60,China,Malaysia,Shi Yu Qi,,Ng Tze Yong,,21,7,17,21,21,13,59,41,2,1,3,1,10,6,1,0,1
370,Yonex_All_England_Open,2023-03-19,England,MS,2,0,50,China,China,Li Shi Feng,,Shi Yu Qi,,26,24,21,5,0,0,47,29,2,0,6,2,5,6,1,2,1
371,Yonex_All_England_Open,2023-03-17,England,MS,2,0,43,China,China,Shi Yu Qi,,Weng Hong Yang,,21,9,21,16,0,0,42,25,2,0,3,0,5,6,4,1,1
372,Yonex_All_England_Open,2023-03-17,England,MS,3,0,67,Malaysia,Japan,Lee Zii Jia,4,Kodai Naraoka,7,21,9,10,21,21,13,52,43,2,1,2,2,6,4,3,3,1
373,Yonex_All_England_Open,2020-03-11,England,MS,2,0,56,Denmark,Korea,Anders Antonsen,5,Son Wan Ho,,22,20,21,13,0,0,43,33,2,0,0,0,0,0,3,2,1
374,Yonex_All_England_Open,2023-03-15,England,MS,1,1,10,Japan,China,Kodai Naraoka,7,Lu Guang Zu,,11,7,0,0,0,0,11,7,1,0,0,0,5,4,3,1,1
375,Kapal_Api_Group_Indonesia_Open,2023-06-13,Indonesia,MS,2,0,38,Hongkong,Japan,Ng Ka Long Angus,,Kento Momota,,21,8,21,15,0,0,42,23,2,0,2,0,8,3,1,7,1
376,Kapal_Api_Group_Indonesia_Open,2023-06-14,Indonesia,MS,2,0,45,Singapore,Indonesia,Loh Kean Yew,4,Chico Aura Dwi Wardoyo,,21,15,23,21,0,0,44,36,2,0,6,0,6,7,5,1,1
377,Yonex_All_England_Open,2023-03-15,England,MS,2,0,42,China,Japan,Shi Yu Qi,,Kanta Tsuneyama,,21,16,21,11,0,0,42,27,2,0,3,0,5,3,6,1,1
378,Yonex_All_England_Open,2023-03-16,England,MS,2,0,52,Denmark,India,Anders Antonsen,,Lakshya Sen,,21,13,21,15,0,0,42,28,2,0,2,0,6,4,4,2,1
379,Yonex_All_England_Open,2023-03-14,England,MS,2,0,65,Denmark,Denmark,Anders Antonsen,,Rasmus Gemke,,21,16,21,18,0,0,42,34,2,0,4,0,7,3,7,0,1
380,Yonex_All_England_Open,2020-03-11,England,MS,2,0,38,China,Denmark,Huang Yu Xiang,,Jan O Jorgensen,,21,15,21,19,0,0,42,34,2,0,0,0,0,0,2,2,1
381,Kapal_Api_Group_Indonesia_Open,2023-06-15,Indonesia,MS,3,0,80,Japan,China,Kodai Naraoka,3,Shi Yu Qi,,17,21,21,12,21,18,59,51,2,1,7,2,8,4,4,7,1
382,Kapal_Api_Group_Indonesia_Open,2023-06-14,Indonesia,MS,2,0,39,Indonesia,Japan,Jonatan Christie,6,Kanta Tsuneyama,,21,17,21,10,0,0,42,27,2,0,2,0,9,4,5,0,1
383,Yonex_All_England_Open,2023-03-15,England,MS,3,0,63,India,France,Kidambi Srikanth,,Toma Junior Popov,,19,21,21,14,21,5,61,40,2,1,2,1,9,5,3,2,1
384,Yonex_All_England_Open,2023-03-16,England,MS,2,0,51,Japan,India,Kodai Naraoka,7,Kidambi Srikanth,,21,17,21,15,0,0,42,32,2,0,2,0,5,5,3,0,1
385,Kapal_Api_Group_Indonesia_Open,2023-06-16,Indonesia,MS,3,0,69,China,India,Li Shi Feng,,Kidambi Srikanth,,21,14,14,21,21,12,56,47,2,1,2,1,5,4,2,1,1
386,Kapal_Api_Group_Indonesia_Open,2023-06-13,Indonesia,MS,2,0,36,Denmark,China,Viktor Axelsen,1,Weng Hong Yang,,21,12,21,8,0,0,42,20,2,0,3,0,7,3,2,0,1
387,Yonex_All_England_Open,2022-03-16,England,MS,2,0,37,Indonesia,India,Anthony Sinisuka Ginting,5,Parupalli Kashyap,,21,11,21,18,0,0,42,29,2,0,3,0,4,4,8,0,1
388,Yonex_All_England_Open,2023-03-16,England,MS,2,0,51,China,Thailand,Shi Yu Qi,,Kunlavut Vitidsarn,6,21,12,21,13,0,0,42,25,2,0,2,0,10,3,3,2,1
389,Kapal_Api_Group_Indonesia_Open,2023-06-15,Indonesia,MS,2,0,43,Denmark,Chinesetaipei,Viktor Axelsen,1,Wang Tzu Wei,,21,8,21,13,0,0,42,21,2,0,4,0,7,5,7,1,1
390,Kapal_Api_Group_Indonesia_Open,2023-06-18,Indonesia,MS,2,0,47,Denmark,Indonesia,Viktor Axelsen,1,Anthony Sinisuka Ginting,2,21,14,21,13,0,0,42,27,2,0,3,0,5,3,13,5,1
391,Kapal_Api_Group_Indonesia_Open,2023-06-17,Indonesia,MS,2,0,46,Denmark,India,Viktor Axelsen,1,Prannoy H. S.,7,21,15,21,15,0,0,42,30,2,0,2,0,5,4,7,3,1
392,Kapal_Api_Group_Indonesia_Open,2023-06-16,Indonesia,MS,2,0,39,Denmark,Chinesetaipei,Viktor Axelsen,1,Chou Tien Chen,5,21,5,21,19,0,0,42,24,2,0,8,0,7,5,19,4,1
393,Yonex_All_England_Open,2023-03-15,England,MS,2,0,38,Indonesia,Malaysia,Chico Aura Dwi Wardoyo,,Liew Daren,,21,9,21,16,0,0,42,25,2,0,3,0,7,4,2,0,1
394,Kapal_Api_Group_Indonesia_Open,2023-06-14,Indonesia,MS,2,0,31,Indonesia,Denmark,Anthony Sinisuka Ginting,2,Hans-Kristian Solberg Vittinghus,,21,8,21,10,0,0,42,18,2,0,4,0,9,3,2,1,1
395,Yonex_All_England_Open,2022-03-16,England,MS,2,0,33,India,India,Lakshya Sen,,Sourabh Verma,,21,17,21,7,0,0,42,24,2,0,2,0,10,3,2,2,1
396,Kapal_Api_Group_Indonesia_Open,2023-06-15,Indonesia,MS,3,0,63,Indonesia,India,Anthony Sinisuka Ginting,2,Priyanshu Rajawat,,20,22,21,15,21,15,62,52,2,1,4,1,5,5,1,0,1
397,Kapal_Api_Group_Indonesia_Open,2023-06-17,Indonesia,MS,2,0,51,Indonesia,China,Anthony Sinisuka Ginting,2,Li Shi Feng,,21,17,21,15,0,0,42,32,2,0,3,0,6,5,3,2,1
398,Victor_China_Open,2023-09-05,China,MS,3,0,66,Malaysia,India,Ng Tze Yong,,Prannoy H. S.,,21,12,13,21,21,18,55,51,2,1,2,3,5,6,1,0,1
399,Kapal_Api_Group_Indonesia_Open,2023-06-15,Indonesia,MS,2,0,38,Chinesetaipei,Canada,Chou Tien Chen,5,Brian Yang,,21,16,21,8,0,0,42,24,2,0,2,0,6,3,6,1,1
400,Yonex_All_England_Open,2022-03-16,England,MS,2,0,36,India,Thailand,Kidambi Srikanth,,Kantaphon Wangcharoen,,21,18,21,14,0,0,42,32,2,0,3,0,8,5,3,1,1
401,Yonex_All_England_Open,2023-03-14,England,MS,2,0,36,Malaysia,Indonesia,Ng Tze Yong,,Shesar Hiren Rhustavito,,21,9,21,12,0,0,42,21,2,0,2,0,4,3,1,1,1
402,Kapal_Api_Group_Indonesia_Open,2023-06-13,Indonesia,MS,2,0,50,India,Japan,Prannoy H. S.,7,Kenta Nishimoto,,21,16,21,14,0,0,42,30,2,0,4,0,7,4,2,4,1
403,Victor_China_Open,2023-09-06,China,MS,3,0,75,China,Chinesetaipei,Li Shi Feng,6,Chou Tien Chen,,21,14,18,21,21,18,60,53,2,1,3,2,7,4,1,0,1
404,Yonex_All_England_Open,2023-03-14,England,MS,2,0,49,India,Chinesetaipei,Prannoy H. S.,,Wang Tzu Wei,,21,19,22,20,0,0,43,39,2,0,3,0,5,6,6,3,1
405,Yonex_All_England_Open,2023-03-15,England,MS,1,1,26,China,Hongkong,Li Shi Feng,,Ng Ka Long Angus,,21,12,0,0,0,0,21,12,1,0,1,0,4,2,1,4,1
406,Kapal_Api_Group_Indonesia_Open,2023-06-15,Indonesia,MS,2,0,44,China,Singapore,Li Shi Feng,,Loh Kean Yew,4,21,19,21,14,0,0,42,33,2,0,3,0,7,6,2,5,1
407,Kapal_Api_Group_Indonesia_Open,2023-06-16,Indonesia,MS,2,0,55,India,Japan,Prannoy H. S.,7,Kodai Naraoka,3,21,18,21,16,0,0,42,34,2,0,3,0,4,5,1,6,1
408,Victor_China_Open,2023-09-05,China,MS,3,0,78,Denmark,India,Anders Antonsen,,Lakshya Sen,,23,21,16,21,21,9,60,51,2,1,3,4,4,4,4,2,1
409,Victor_China_Open,2023-09-06,China,MS,3,0,73,Hongkong,China,Lee Cheuk Yiu,,Zhao Jun Peng,,21,19,21,23,21,19,63,61,2,1,5,2,7,4,2,4,1
410,Kapal_Api_Group_Indonesia_Open,2023-06-16,Indonesia,MS,2,0,51,Indonesia,Indonesia,Anthony Sinisuka Ginting,2,Jonatan Christie,6,21,19,21,16,0,0,42,35,2,0,2,0,5,4,6,4,1
411,Yonex_All_England_Open,2022-03-16,England,MS,2,0,36,Hongkong,France,Ng Ka Long Angus,8,Thomas Rouxel,,21,11,21,19,0,0,42,30,2,0,4,0,8,4,1,0,1
412,Victor_China_Open,2023-09-06,China,MS,3,0,66,Japan,Indonesia,Kanta Tsuneyama,,Anthony Sinisuka Ginting,2,21,11,18,21,21,17,60,49,2,1,2,3,5,4,5,5,1
413,Victor_China_Open,2023-09-05,China,MS,2,0,46,Denmark,Indonesia,Viktor Axelsen,1,Chico Aura Dwi Wardoyo,,21,17,21,18,0,0,42,35,2,0,3,0,4,4,5,0,1
414,Kapal_Api_Group_Indonesia_Open,2023-06-14,Indonesia,MS,2,0,33,India,Malaysia,Lakshya Sen,,Lee Zii Jia,8,21,17,21,13,0,0,42,30,2,0,3,0,7,5,4,2,1
415,Yonex_All_England_Open,2022-03-16,England,MS,3,0,75,China,China,Lu Guang Zu,,Zhao Jun Peng,,23,25,21,18,21,16,65,59,2,1,4,3,8,5,3,1,1
416,Kapal_Api_Group_Indonesia_Open,2023-06-15,Indonesia,MS,2,0,43,India,Hongkong,Prannoy H. S.,7,Ng Ka Long Angus,,21,18,21,16,0,0,42,34,2,0,2,0,5,3,6,7,1
417,Victor_China_Open,2023-09-07,China,MS,3,0,74,Indonesia,Malaysia,Shesar Hiren Rhustavito,,Ng Tze Yong,,18,21,21,11,22,20,61,52,2,1,4,7,8,6,1,1,1
418,Kapal_Api_Group_Indonesia_Open,2023-06-13,Indonesia,MS,3,0,66,Chinesetaipei,France,Chou Tien Chen,5,Christo Popov,,15,21,22,20,21,1,58,42,2,1,3,1,16,6,3,0,1
419,Yonex_All_England_Open,2023-03-16,England,MS,2,0,34,China,China,Li Shi Feng,,Zhao Jun Peng,,21,9,21,17,0,0,42,26,2,0,5,0,9,3,2,1,1
420,Kapal_Api_Group_Indonesia_Open,2023-06-15,Indonesia,MS,3,0,64,Indonesia,France,Jonatan Christie,6,Toma Junior Popov,,19,21,21,11,21,11,61,43,2,1,2,1,6,6,3,0,1
421,Yonex_All_England_Open,2023-03-15,England,MS,2,0,40,China,Indonesia,Weng Hong Yang,,Jonatan Christie,2,21,6,21,11,0,0,42,17,2,0,3,0,7,3,2,2,1
422,Victor_China_Open,2023-09-07,China,MS,3,0,57,Indonesia,Canada,Jonatan Christie,5,Brian Yang,,12,21,21,15,21,14,54,50,2,1,2,1,5,7,2,1,1
423,Victor_China_Open,2023-09-05,China,MS,2,0,47,Singapore,France,Loh Kean Yew,7,Christo Popov,,21,14,21,17,0,0,42,31,2,0,6,0,6,4,3,2,1
424,Kapal_Api_Group_Indonesia_Open,2023-06-14,Indonesia,MS,3,0,82,Japan,Denmark,Kodai Naraoka,3,Anders Antonsen,,14,21,21,7,21,17,56,45,2,1,4,1,7,5,4,4,1
425,Kapal_Api_Group_Indonesia_Open,2023-06-13,Indonesia,MS,2,0,35,Chinesetaipei,Thailand,Wang Tzu Wei,,Kantaphon Wangcharoen,,21,12,21,9,0,0,42,21,2,0,3,0,6,2,4,2,1
426,Victor_China_Open,2023-09-08,China,MS,3,0,85,China,Japan,Shi Yu Qi,8,Kodai Naraoka,4,18,21,21,9,22,20,61,50,2,1,3,2,5,6,7,4,1
427,Kapal_Api_Group_Indonesia_Open,2023-06-13,Indonesia,MS,2,0,64,Canada,Ireland,Brian Yang,,Nhat Nguyen,,21,18,22,20,0,0,43,38,2,0,3,0,8,5,2,0,1
428,Yonex_All_England_Open,2023-03-16,England,MS,3,0,62,China,Indonesia,Weng Hong Yang,,Chico Aura Dwi Wardoyo,,21,11,15,21,21,13,57,45,2,1,6,2,9,5,2,0,1
429,Victor_China_Open,2023-09-07,China,MS,3,0,72,China,Denmark,Shi Yu Qi,8,Rasmus Gemke,,21,11,16,21,21,16,58,48,2,1,3,1,7,3,7,1,1
430,Victor_China_Open,2023-09-05,China,MS,3,0,74,Indonesia,China,Jonatan Christie,5,Weng Hong Yang,,22,20,19,21,21,10,62,51,2,1,3,1,6,5,2,2,1
431,Victor_China_Open,2023-09-08,China,MS,2,0,51,Denmark,Singapore,Viktor Axelsen,1,Loh Kean Yew,7,21,17,23,21,0,0,44,38,2,0,4,0,6,5,9,2,1
432,Yonex_All_England_Open,2023-03-15,England,MS,2,0,44,Japan,Canada,Kenta Nishimoto,,Brian Yang,,21,16,21,14,0,0,42,30,2,0,3,0,7,4,4,1,1
433,Victor_China_Open,2023-09-06,China,MS,3,0,75,Japan,Malaysia,Kodai Naraoka,4,Lee Zii Jia,,26,24,12,21,21,11,59,56,2,1,9,1,6,4,3,3,1
434,Kapal_Api_Group_Indonesia_Open,2023-06-15,Indonesia,MS,2,0,45,India,India,Kidambi Srikanth,,Lakshya Sen,,21,17,22,20,0,0,43,37,2,0,8,0,6,6,3,0,1
435,Victor_China_Open,2023-09-06,China,MS,3,0,79,Denmark,Thailand,Rasmus Gemke,,Kantaphon Wangcharoen,,21,18,18,21,21,15,60,54,2,1,2,1,5,6,3,0,1
436,Kapal_Api_Group_Indonesia_Open,2023-06-14,Indonesia,MS,3,0,70,China,Hongkong,Li Shi Feng,,Lee Cheuk Yiu,,21,18,9,21,21,19,51,58,2,1,4,1,5,7,3,0,1
437,Victor_China_Open,2023-09-10,China,MS,2,0,49,Denmark,China,Viktor Axelsen,1,Lu Guang Zu,,21,16,21,19,0,0,42,35,2,0,3,0,7,4,7,0,1
438,Victor_China_Open,2023-09-06,China,MS,3,0,71,Chinesetaipei,France,Lin Chun-Yi,,Toma Junior Popov,,21,15,10,21,21,16,52,52,2,1,2,1,6,6,2,2,1
439,Victor_China_Open,2023-09-05,China,MS,2,0,58,Chinesetaipei,Japan,Wang Tzu Wei,,Kenta Nishimoto,,23,21,22,20,0,0,45,41,2,0,3,4,4,4,2,3,1
440,Victor_China_Open,2023-09-08,China,MS,3,0,67,China,Japan,Lu Guang Zu,,Kanta Tsuneyama,,14,21,21,18,21,8,56,47,2,1,3,1,10,5,3,2,1
441,Victor_China_Open,2023-09-06,China,MS,2,0,37,China,Denmark,Shi Yu Qi,8,Magnus Johannesen,,21,8,21,11,0,0,42,19,2,0,4,0,8,4,3,0,1
442,Victor_China_Open,2023-09-09,China,MS,2,0,48,Denmark,Indonesia,Viktor Axelsen,1,Jonatan Christie,5,21,17,21,14,0,0,42,31,2,0,4,0,7,4,10,2,1
443,Victor_China_Open,2023-09-09,China,MS,2,0,41,China,China,Lu Guang Zu,,Shi Yu Qi,8,21,13,21,14,0,0,42,27,2,0,6,0,7,4,2,10,1
444,Victor_China_Open,2023-09-08,China,MS,2,0,36,Indonesia,Indonesia,Jonatan Christie,5,Shesar Hiren Rhustavito,,21,12,21,17,0,0,42,29,2,0,2,0,4,4,5,1,1
445,Kapal_Api_Group_Indonesia_Open,2023-06-14,Indonesia,MS,2,0,46,India,China,Kidambi Srikanth,,Lu Guang Zu,,21,13,21,19,0,0,42,32,2,0,4,0,5,6,5,1,1
446,Victor_China_Open,2023-09-05,China,MS,2,0,41,Indonesia,India,Shesar Hiren Rhustavito,,Priyanshu Rajawat,,21,13,26,24,0,0,47,37,2,0,6,2,5,4,1,0,1
447,Victor_China_Open,2023-09-07,China,MS,2,0,51,Singapore,Denmark,Loh Kean Yew,7,Anders Antonsen,,21,17,21,12,0,0,42,29,2,0,4,0,5,4,4,2,1
448,Yonex_All_England_Open,2022-03-16,England,MS,1,1,35,Japan,Denmark,Kento Momota,2,Hans-Kristian Solberg Vittinghus,,21,18,0,0,0,0,21,18,1,0,2,0,4,4,9,1,1
449,Petronas_Malaysia_Open,2024-01-09,Malaysia,MS,3,0,65,India,Indonesia,Kidambi Srikanth,,Jonatan Christie,6,12,21,21,18,21,16,54,55,2,1,3,1,7,9,7,5,1
450,Petronas_Malaysia_Open,2024-01-11,Malaysia,MS,2,0,38,China,France,Shi Yu Qi,7,Toma Junior Popov,,21,13,21,5,0,0,42,18,2,0,3,0,7,2,2,0,1
451,Yonex_All_England_Open,2022-03-16,England,MS,3,0,66,Canada,Thailand,Brian Yang,,Sitthikom Thammasin,,16,21,21,19,22,20,59,60,2,1,3,2,5,6,1,0,1
452,Kapal_Api_Group_Indonesia_Open,2023-06-14,Indonesia,MS,2,0,51,France,Chinesetaipei,Toma Junior Popov,,Lin Chun-Yi,,21,18,21,15,0,0,42,33,2,0,3,0,4,5,2,2,1
453,Victor_China_Open,2023-09-07,China,MS,3,0,67,Denmark,Chinesetaipei,Viktor Axelsen,1,Wang Tzu Wei,,20,22,21,6,21,14,62,42,2,1,4,1,8,5,7,1,1
454,Petronas_Malaysia_Open,2024-01-12,Malaysia,MS,3,0,77,Denmark,Japan,Anders Antonsen,,Kodai Naraoka,2,16,21,21,12,21,7,58,40,2,1,2,2,9,4,4,4,1
455,Yonex_All_England_Open,2022-03-16,England,MS,2,0,43,Malaysia,Japan,Lee Zii Jia,6,Kenta Nishimoto,,21,16,21,17,0,0,42,33,2,0,2,0,9,5,9,3,1
456,Petronas_Malaysia_Open,2024-01-10,Malaysia,MS,1,1,13,Japan,Malaysia,Koki Watanabe,,Ng Tze Yong,,12,8,0,0,0,0,12,8,1,0,0,0,4,3,2,0,1
457,Victor_China_Open,2023-09-06,China,MS,2,0,49,China,Hongkong,Lu Guang Zu,,Ng Ka Long Angus,,21,17,21,15,0,0,42,32,2,0,4,0,6,4,2,1,1
458,Victor_China_Open,2023-09-05,China,MS,3,0,56,Canada,Israel,Brian Yang,,Misha Zilberman,,21,8,14,21,21,18,56,47,2,1,6,2,5,6,2,3,1
459,Victor_China_Open,2023-09-07,China,MS,2,0,49,Japan,Chinesetaipei,Kodai Naraoka,4,Lin Chun-Yi,,21,19,21,8,0,0,42,27,2,0,3,0,6,3,6,1,1
460,Petronas_Malaysia_Open,2024-01-09,Malaysia,MS,2,0,43,Denmark,Singapore,Viktor Axelsen,1,Loh Kean Yew,,21,13,21,15,0,0,42,28,2,0,7,0,6,3,9,2,1
461,Petronas_Malaysia_Open,2024-01-11,Malaysia,MS,2,0,54,Denmark,Japan,Anders Antonsen,,Koki Watanabe,,21,14,21,17,0,0,42,31,2,0,4,0,7,5,3,0,1
462,Petronas_Malaysia_Open,2024-01-12,Malaysia,MS,3,0,61,Denmark,Hongkong,Viktor Axelsen,1,Ng Ka Long Angus,,16,21,21,18,21,9,58,48,2,1,4,1,8,6,12,1,1
463,Yonex_All_England_Open,2022-03-16,England,MS,3,0,49,Korea,Hongkong,Heo Kwang Hee,,Lee Cheuk Yiu,,21,13,9,21,21,16,51,50,2,1,2,1,6,7,1,2,1
464,Petronas_Malaysia_Open,2024-01-10,Malaysia,MS,2,0,43,Denmark,India,Anders Antonsen,,Prannoy H. S.,8,21,14,21,11,0,0,42,25,2,0,3,0,7,4,1,2,1
465,Petronas_Malaysia_Open,2024-01-09,Malaysia,MS,3,0,75,China,Denmark,Shi Yu Qi,7,Rasmus Gemke,,20,22,21,12,21,10,62,44,2,1,2,2,6,5,7,1,1
466,Petronas_Malaysia_Open,2024-01-11,Malaysia,MS,3,0,74,Denmark,Hongkong,Viktor Axelsen,1,Lee Cheuk Yiu,,21,17,20,22,21,17,62,56,2,1,6,1,7,6,6,1,1
467,Petronas_Malaysia_Open,2024-01-09,Malaysia,MS,2,0,49,Indonesia,Chinesetaipei,Anthony Sinisuka Ginting,4,Su Li Yang,,21,18,21,12,0,0,42,30,2,0,2,0,5,4,2,0,1
468,Petronas_Malaysia_Open,2024-01-14,Malaysia,MS,2,0,55,Denmark,China,Anders Antonsen,,Shi Yu Qi,7,21,14,21,13,0,0,42,27,2,0,3,0,7,4,3,6,1
469,Petronas_Malaysia_Open,2024-01-13,Malaysia,MS,2,0,41,Denmark,Chinesetaipei,Anders Antonsen,,Lin Chun-Yi,,21,16,21,7,0,0,42,23,2,0,4,0,5,5,2,1,1
470,Petronas_Malaysia_Open,2024-01-12,Malaysia,MS,2,0,49,Chinesetaipei,China,Lin Chun-Yi,,Li Shi Feng,3,21,12,21,18,0,0,42,30,2,0,3,0,5,5,2,1,1
471,Petronas_Malaysia_Open,2024-01-13,Malaysia,MS,3,0,70,China,Denmark,Shi Yu Qi,7,Viktor Axelsen,1,21,12,19,21,21,17,61,50,2,1,2,1,5,4,3,10,1
472,Petronas_Malaysia_Open,2024-01-10,Malaysia,MS,3,0,79,China,Chinesetaipei,Li Shi Feng,3,Chia Hao Lee,,23,21,15,21,21,18,59,60,2,1,5,2,4,4,1,1,1
473,Yonex_All_England_Open,2024-03-12,England,MS,2,0,47,Japan,Chinesetaipei,Koki Watanabe,,Wang Tzu Wei,,21,14,21,13,0,0,42,27,2,0,2,0,6,4,4,0,1
474,Yonex_All_England_Open,2024-03-14,England,MS,2,0,33,Malaysia,Singapore,Lee Zii Jia,,Loh Kean Yew,,21,15,21,12,0,0,42,27,2,0,2,0,8,5,6,2,1
475,Yonex_All_England_Open,2024-03-15,England,MS,2,0,45,France,Japan,Christo Popov,,Koki Watanabe,,21,17,21,10,0,0,42,27,2,0,3,0,5,5,2,1,1
476,Petronas_Malaysia_Open,2024-01-12,Malaysia,MS,3,0,61,China,China,Shi Yu Qi,7,Lu Guang Zu,,8,21,21,11,21,10,50,42,2,1,3,1,8,9,10,2,1
477,Petronas_Malaysia_Open,2024-01-10,Malaysia,MS,2,0,49,Japan,France,Kodai Naraoka,2,Christo Popov,,21,15,21,7,0,0,42,22,2,0,5,0,6,3,2,0,1
478,Yonex_All_England_Open,2024-03-16,England,MS,3,0,75,Indonesia,France,Anthony Sinisuka Ginting,5,Christo Popov,,19,21,21,5,21,11,61,37,2,1,2,1,13,5,2,1,1
479,Petronas_Malaysia_Open,2024-01-09,Malaysia,MS,2,0,38,Hongkong,Japan,Ng Ka Long Angus,,Kanta Tsuneyama,,21,15,21,9,0,0,42,24,2,0,2,0,6,3,5,2,1
480,Yonex_All_England_Open,2024-03-14,England,MS,3,0,70,Indonesia,Thailand,Jonatan Christie,,Kunlavut Vitidsarn,8,21,19,18,21,21,13,60,53,2,1,5,3,5,3,6,3,1
481,Yonex_All_England_Open,2024-03-15,England,MS,3,0,69,Indonesia,Denmark,Anthony Sinisuka Ginting,5,Viktor Axelsen,1,8,21,21,18,21,19,50,58,2,1,4,4,8,9,5,13,1
482,Yonex_All_England_Open,2024-03-17,England,MS,2,0,55,Indonesia,Indonesia,Jonatan Christie,,Anthony Sinisuka Ginting,5,21,15,21,14,0,0,42,29,2,0,2,0,6,3,4,6,1
483,Victor_China_Open,2023-09-07,China,MS,2,0,30,Japan,Hongkong,Kanta Tsuneyama,,Lee Cheuk Yiu,,21,9,21,8,0,0,42,17,2,0,4,0,10,3,6,0,1
484,Yonex_All_England_Open,2024-03-12,England,MS,2,0,33,Denmark,India,Viktor Axelsen,1,Kidambi Srikanth,,21,9,21,9,0,0,42,18,2,0,2,0,6,2,11,3,1
485,Yonex_All_England_Open,2024-03-13,England,MS,2,0,37,Indonesia,Chinesetaipei,Jonatan Christie,,Chou Tien Chen,,21,4,21,15,0,0,42,19,2,0,2,0,8,3,9,7,1
486,Yonex_All_England_Open,2024-03-16,England,MS,3,0,68,Indonesia,India,Jonatan Christie,,Lakshya Sen,,21,12,10,21,21,15,52,48,2,1,5,1,5,7,4,2,1
487,Petronas_Malaysia_Open,2024-01-10,Malaysia,MS,3,0,102,Thailand,Japan,Kunlavut Vitidsarn,5,Kenta Nishimoto,,21,14,21,23,21,15,63,52,2,1,8,1,6,4,5,3,1
488,Yonex_All_England_Open,2024-03-15,England,MS,1,1,23,Indonesia,China,Jonatan Christie,,Shi Yu Qi,2,21,12,0,0,0,0,21,12,1,0,2,0,5,3,8,7,1
489,Petronas_Malaysia_Open,2024-01-11,Malaysia,MS,2,0,67,China,Indonesia,Lu Guang Zu,,Anthony Sinisuka Ginting,4,23,21,25,23,0,0,48,44,2,0,5,3,3,3,1,5,1
490,Yonex_All_England_Open,2024-03-13,England,MS,2,0,44,Denmark,Japan,Anders Antonsen,4,Kanta Tsuneyama,,21,18,21,9,0,0,42,27,2,0,3,0,7,3,7,2,1
491,Petronas_Malaysia_Open,2024-01-11,Malaysia,MS,2,0,38,Hongkong,India,Ng Ka Long Angus,,Kidambi Srikanth,,21,13,21,17,0,0,42,30,2,0,3,0,6,6,4,4,1
492,Victor_China_Open,2023-09-07,China,MS,2,0,53,China,China,Lu Guang Zu,,Li Shi Feng,6,21,19,21,12,0,0,42,31,2,0,4,0,9,4,4,0,1
493,Yonex_All_England_Open,2024-03-13,England,MS,3,0,81,China,Denmark,Shi Yu Qi,2,Rasmus Gemke,,18,21,23,21,21,19,62,61,2,1,4,1,4,5,7,1,1
494,Yonex_All_England_Open,2024-03-12,England,MS,3,0,72,France,Hongkong,Christo Popov,,Lee Cheuk Yiu,,22,20,17,21,21,16,60,57,2,1,4,2,6,6,1,2,1
495,Kapal_Api_Indonesia_Open,2024-06-04,Indonesia,MS,2,0,40,Malaysia,Hongkong,Lee Zii Jia,,Ng Ka Long Angus,,21,17,21,16,0,0,42,33,2,0,2,0,5,4,6,3,1
496,Petronas_Malaysia_Open,2024-01-09,Malaysia,MS,3,0,77,China,Malaysia,Lu Guang Zu,,Lee Zii Jia,,16,21,21,19,21,15,58,55,2,1,2,1,5,5,2,5,1
497,Yonex_All_England_Open,2024-03-12,England,MS,2,0,52,France,China,Toma Junior Popov,,Li Shi Feng,3,21,17,21,13,0,0,42,30,2,0,3,0,5,3,3,1,1
498,Petronas_Malaysia_Open,2024-01-11,Malaysia,MS,3,0,94,Japan,Canada,Kodai Naraoka,2,Brian Yang,,22,20,20,22,21,16,63,58,2,1,6,3,9,6,4,1,1
499,Yonex_All_England_Open,2024-03-14,England,MS,2,0,54,Indonesia,Japan,Anthony Sinisuka Ginting,5,Kenta Nishimoto,,21,18,21,19,0,0,42,37,2,0,4,0,5,7,7,4,1
500,Kapal_Api_Indonesia_Open,2024-06-04,Indonesia,MS,2,0,36,Thailand,Singapore,Kunlavut Vitidsarn,8,Loh Kean Yew,,21,13,21,10,0,0,42,23,2,0,2,0,5,5,5,1,1
501,Yonex_All_England_Open,2024-03-12,England,MS,2,0,39,Indonesia,Chinesetaipei,Anthony Sinisuka Ginting,5,Chia Hao Lee,,21,13,21,17,0,0,42,30,2,0,3,0,8,3,1,0,1
502,Petronas_Malaysia_Open,2024-01-10,Malaysia,MS,2,0,49,China,India,Weng Hong Yang,,Lakshya Sen,,21,15,21,16,0,0,42,31,2,0,2,0,6,4,3,3,1
503,Kapal_Api_Indonesia_Open,2024-06-04,Indonesia,MS,2,0,36,Denmark,Hongkong,Anders Antonsen,4,Lee Cheuk Yiu,,21,14,21,10,0,0,42,24,2,0,5,0,8,3,5,1,1
504,Kapal_Api_Indonesia_Open,2024-06-06,Indonesia,MS,3,0,73,France,Denmark,Toma Junior Popov,,Rasmus Gemke,,21,18,8,21,21,12,50,51,2,1,3,1,5,6,1,2,1
505,Yonex_All_England_Open,2024-03-15,England,MS,3,0,71,India,Malaysia,Lakshya Sen,,Lee Zii Jia,,20,22,21,16,21,19,62,57,2,1,2,4,7,5,4,2,1
506,Kapal_Api_Indonesia_Open,2024-06-05,Indonesia,MS,3,0,85,France,Chinesetaipei,Toma Junior Popov,,Wang Tzu Wei,,21,15,12,21,29,27,62,63,2,1,8,4,4,6,2,2,1
507,Yonex_All_England_Open,2024-03-13,England,MS,2,0,35,Singapore,Hongkong,Loh Kean Yew,,Ng Ka Long Angus,,21,12,21,17,0,0,42,29,2,0,2,0,8,3,4,0,1
508,Kapal_Api_Indonesia_Open,2024-06-06,Indonesia,MS,3,0,67,Malaysia,Chinesetaipei,Leong Jun Hao,,Chou Tien Chen,,21,18,13,21,21,17,55,56,2,1,3,1,5,5,1,1,1
509,Yonex_All_England_Open,2024-03-13,England,MS,2,0,49,Malaysia,Japan,Lee Zii Jia,,Kodai Naraoka,6,21,12,21,19,0,0,42,31,2,0,9,0,6,7,3,3,1
510,Yonex_All_England_Open,2024-03-14,England,MS,2,0,39,China,Indonesia,Shi Yu Qi,2,Chico Aura Dwi Wardoyo,,21,19,21,10,0,0,42,29,2,0,2,0,9,4,3,0,1
511,Kapal_Api_Indonesia_Open,2024-06-04,Indonesia,MS,3,0,60,Japan,Indonesia,Kenta Nishimoto,,Anthony Sinisuka Ginting,7,17,21,21,11,21,8,59,40,2,1,2,2,10,5,4,7,1
512,Kapal_Api_Indonesia_Open,2024-06-05,Indonesia,MS,2,0,54,Denmark,Japan,Rasmus Gemke,,Kodai Naraoka,5,21,12,21,10,0,0,42,22,2,0,3,0,5,6,2,2,1
513,Yonex_All_England_Open,2024-03-14,England,MS,3,0,80,India,Denmark,Lakshya Sen,,Anders Antonsen,4,24,22,11,21,21,14,56,57,2,1,6,1,8,5,2,4,1
514,Petronas_Malaysia_Open,2024-01-10,Malaysia,MS,3,0,63,Canada,Chinesetaipei,Brian Yang,,Wang Tzu Wei,,11,21,21,17,21,16,53,54,2,1,3,1,7,7,1,0,1
515,Kapal_Api_Indonesia_Open,2024-06-06,Indonesia,MS,2,0,45,India,Japan,Lakshya Sen,,Kenta Nishimoto,,21,9,21,15,0,0,42,24,2,0,2,0,7,5,3,1,1
516,Petronas_Malaysia_Open,2024-01-09,Malaysia,MS,3,0,63,Hongkong,Denmark,Lee Cheuk Yiu,,Magnus Johannesen,,21,13,18,21,21,19,60,53,2,1,4,2,4,4,2,2,1
517,Kapal_Api_Indonesia_Open,2024-06-07,Indonesia,MS,3,0,65,China,France,Shi Yu Qi,2,Toma Junior Popov,,17,21,21,10,21,18,59,49,2,1,2,1,5,6,2,0,1
518,Yonex_All_England_Open,2024-03-12,England,MS,2,0,35,Japan,Canada,Kenta Nishimoto,,Brian Yang,,21,13,21,4,0,0,42,17,2,0,3,0,12,4,4,1,1
519,Petronas_Malaysia_Open,2024-01-10,Malaysia,MS,2,0,38,Chinesetaipei,Thailand,Lin Chun-Yi,,Kantaphon Wangcharoen,,21,17,21,13,0,0,42,30,2,0,2,0,7,4,5,0,1
520,Yonex_All_England_Open,2024-03-12,England,MS,3,0,73,China,Chinesetaipei,Weng Hong Yang,,Lin Chun-Yi,,18,21,21,16,21,16,60,53,2,1,2,6,6,11,2,1,1
521,Yonex_All_England_Open,2024-03-13,England,MS,3,0,57,Indonesia,India,Chico Aura Dwi Wardoyo,,Priyanshu Rajawat,,21,19,11,21,21,9,53,49,2,1,3,2,6,10,2,0,1
522,Kapal_Api_Indonesia_Open,2024-06-07,Indonesia,MS,2,0,61,Denmark,India,Anders Antonsen,4,Lakshya Sen,,24,22,21,18,0,0,45,40,2,0,3,3,5,5,4,2,1
523,Kapal_Api_Indonesia_Open,2024-06-06,Indonesia,MS,2,0,49,Thailand,India,Kunlavut Vitidsarn,8,Priyanshu Rajawat,,21,10,21,17,0,0,42,27,2,0,4,0,7,3,2,1,1
524,Kapal_Api_Indonesia_Open,2024-06-04,Indonesia,MS,2,0,40,India,Japan,Lakshya Sen,,Kanta Tsuneyama,,21,12,21,17,0,0,42,29,2,0,2,0,5,4,4,0,1
525,Yonex_All_England_Open,2024-03-14,England,MS,2,0,48,Denmark,China,Viktor Axelsen,1,Weng Hong Yang,,21,19,21,14,0,0,42,33,2,0,4,0,5,3,2,0,1
526,Petronas_Malaysia_Open,2024-01-11,Malaysia,MS,2,0,50,Chinesetaipei,Thailand,Lin Chun-Yi,,Kunlavut Vitidsarn,5,21,18,21,16,0,0,42,34,2,0,3,0,7,5,1,3,1
527,Kapal_Api_Indonesia_Open,2024-06-04,Indonesia,MS,2,0,37,Thailand,Indonesia,Kantaphon Wangcharoen,,Chico Aura Dwi Wardoyo,,21,16,21,9,0,0,42,25,2,0,3,0,6,6,2,1,1
528,Petronas_Malaysia_Open,2024-01-09,Malaysia,MS,3,0,78,France,Chinesetaipei,Toma Junior Popov,,Chou Tien Chen,,21,11,19,21,21,15,61,47,2,1,6,1,8,5,2,1,1
529,Yonex_All_England_Open,2024-03-12,England,MS,3,0,67,Chinesetaipei,India,Su Li Yang,,Prannoy H. S.,7,14,21,21,13,21,13,56,47,2,1,4,2,8,4,1,0,1
530,Kapal_Api_Indonesia_Open,2024-06-07,Indonesia,MS,2,0,43,China,Malaysia,Li Shi Feng,6,Leong Jun Hao,,21,11,21,12,0,0,42,23,2,0,2,0,10,4,3,0,1
531,Kapal_Api_Indonesia_Open,2024-06-05,Indonesia,MS,3,0,74,China,Chinesetaipei,Lu Guang Zu,,Su Li Yang,,14,21,21,19,21,17,56,57,2,1,4,5,6,5,1,0,1
532,Kapal_Api_Indonesia_Open,2024-06-07,Indonesia,MS,2,0,53,Thailand,Malaysia,Kunlavut Vitidsarn,8,Lee Zii Jia,,21,16,21,17,0,0,42,33,2,0,2,0,6,6,5,4,1
533,Petronas_Malaysia_Open,2024-01-11,Malaysia,MS,3,0,82,China,China,Li Shi Feng,3,Weng Hong Yang,,13,21,21,16,21,18,55,55,2,1,2,2,8,5,4,1,1
534,Kapal_Api_Indonesia_Open,2024-06-04,Indonesia,MS,2,0,39,India,India,Priyanshu Rajawat,,Prannoy H. S.,,21,17,21,12,0,0,42,29,2,0,7,0,6,4,1,3,1
535,Kapal_Api_Indonesia_Open,2024-06-09,Indonesia,MS,3,0,71,China,Denmark,Shi Yu Qi,2,Anders Antonsen,4,21,9,12,21,21,14,54,44,2,1,5,1,13,7,6,3,1
536,Kapal_Api_Indonesia_Open,2024-06-08,Indonesia,MS,3,0,79,China,China,Shi Yu Qi,2,Li Shi Feng,6,19,21,21,19,21,14,61,54,2,1,4,1,5,6,2,1,1
537,Kapal_Api_Indonesia_Open,2024-06-08,Indonesia,MS,3,0,91,Denmark,Thailand,Anders Antonsen,4,Kunlavut Vitidsarn,8,21,15,19,21,21,11,61,47,2,1,2,1,5,7,5,1,1
538,Kapal_Api_Indonesia_Open,2024-06-05,Indonesia,MS,3,0,62,Malaysia,Indonesia,Leong Jun Hao,,Jonatan Christie,3,21,13,16,21,21,12,58,46,2,1,3,1,5,7,1,0,1
539,Yonex_All_England_Open,2024-03-14,England,MS,2,0,50,Japan,France,Koki Watanabe,,Toma Junior Popov,,21,18,23,21,0,0,44,39,2,0,8,1,6,6,2,0,1
540,Kapal_Api_Indonesia_Open,2024-06-06,Indonesia,MS,2,0,47,Denmark,Thailand,Anders Antonsen,4,Kantaphon Wangcharoen,,21,17,21,11,0,0,42,28,2,0,2,0,5,4,4,0,1
541,Yonex_All_England_Open,2024-03-14,England,MS,3,0,75,France,Chinesetaipei,Christo Popov,,Su Li Yang,,21,14,17,21,21,15,59,50,2,1,2,1,7,4,3,1,1
542,Kapal_Api_Indonesia_Open,2024-06-05,Indonesia,MS,2,0,40,Chinesetaipei,Chinesetaipei,Chou Tien Chen,,Lin Chun-Yi,,21,17,21,14,0,0,42,31,2,0,3,0,7,5,3,2,1
543,Yonex_All_England_Open,2024-03-13,England,MS,3,0,75,Thailand,China,Kunlavut Vitidsarn,8,Lu Guang Zu,,19,21,21,18,21,15,61,54,2,1,6,1,6,6,3,2,1
544,Kapal_Api_Indonesia_Open,2024-06-04,Indonesia,MS,3,0,58,China,India,Weng Hong Yang,,Kiran George,,11,21,21,10,22,20,54,51,2,1,3,3,6,7,1,1,1
545,Kapal_Api_Indonesia_Open,2024-06-06,Indonesia,MS,3,0,72,Malaysia,China,Lee Zii Jia,,Weng Hong Yang,,20,22,21,9,21,16,62,47,2,1,4,1,8,5,3,3,1
546,Kapal_Api_Indonesia_Open,2024-06-06,Indonesia,MS,2,0,40,China,France,Li Shi Feng,6,Christo Popov,,21,11,21,13,0,0,42,24,2,0,3,0,8,4,1,0,1
547,Kapal_Api_Indonesia_Open,2024-06-05,Indonesia,MS,2,0,39,France,Belgium,Christo Popov,,Julien Carraggi,,21,16,21,10,0,0,42,26,2,0,4,0,6,3,4,0,1
548,Kapal_Api_Indonesia_Open,2024-06-05,Indonesia,MS,2,0,38,China,China,Shi Yu Qi,2,Lei Lan Xi,,21,16,21,13,0,0,42,29,2,0,2,0,4,3,1,0,1
549,Kapal_Api_Indonesia_Open,2024-06-06,Indonesia,MS,2,0,36,China,China,Shi Yu Qi,2,Lu Guang Zu,,21,16,21,16,0,0,42,32,2,0,3,0,5,3,10,2,1
550,Kapal_Api_Indonesia_Open,2024-06-05,Indonesia,MS,2,0,49,China,Canada,Li Shi Feng,6,Brian Yang,,21,18,21,12,0,0,42,30,2,0,2,0,4,4,2,1,1
551,Yonex_All_England_Open,2024-03-13,England,MS,2,0,40,India,Denmark,Lakshya Sen,,Magnus Johannesen,,21,14,21,14,0,0,42,28,2,0,2,0,4,3,1,0,1
